"path","bytes","sha256"
"pre-run-snapshot\docs-assets-generated\beam2_deformation.png","188678","752591fcd1287611b6526b67dd83c62d800411c5a777aac3bf2bb5ee9e5db29f"
"pre-run-snapshot\docs-assets-generated\contact_friction_block_comparison.png","79007","7a8a76294b3982af2fb52e098d0fde6bbb835237d3c71c481d1f5dc1e0a045ba"
"pre-run-snapshot\docs-assets-generated\contact_friction_code_aster_comparison.png","27577","bfa3dd28ab41ab2e76b6083ed8fdd7078af12aa04ae9ec26cd50de442856c819"
"pre-run-snapshot\docs-assets-generated\contact_friction_structural_convergence.png","58799","d373fb33a6a86ed254151e4faebc1020668effeec502f472d3b5b2f8c573f583"
"pre-run-snapshot\docs-assets-generated\contact_structural_convergence.png","55343","733fd4c03646162290280459b8fc3b4b2f55f01522b4d12394f0f6410c8ad669"
"pre-run-snapshot\docs-assets-generated\contact_structural_deformation.png","348039","6bd71c7b9c7d68cd1d6120749cc6e309b6aa5c3ec626978919458052143f2434"
"pre-run-snapshot\docs-assets-generated\harmonic_response.png","67642","ee57d9ecef9d1b996f14504ea3c344c791d9746fb05b3faf7fc501dc01db1fb9"
"pre-run-snapshot\docs-assets-generated\large_model_summary.png","70833","e0a9fd975e503912324cd9329ae3d736b86aea0054d68baf35cef82f1299caaa"
"pre-run-snapshot\docs-assets-generated\linear_solver_residuals.png","51283","7216fc3a30f05c1d0353115b042c6a11f7fa7cae425582fb006152d6481bf675"
"pre-run-snapshot\docs-assets-generated\mitc4_calculix_nafems13h.png","48219","75caea1ef23cd5119d799b8b9c6545389915085d378d33a2b746e14b5c2994cc"
"pre-run-snapshot\docs-assets-generated\mitc4_deformation.png","219202","f839bec3f4c5b79d3929b0a690f5c8f9316095f07399184169a8e8ca9eefbe65"
"pre-run-snapshot\docs-assets-generated\mitc4_formulation.svg","25541","8cf856b61b645325548222016547f11425acd3100d9424644873131079fd9b32"
"pre-run-snapshot\docs-assets-generated\mitc4_harmonic_broadband_agreement.png","53665","4de907e61880af6535066b26a822877fc318cfb75c00c0b0f3d2800961025208"
"pre-run-snapshot\docs-assets-generated\mitc4_harmonic_broadband_peak_shapes.png","535792","69b5bd649002df0ee53a4dd73021cfe091ef15f9f32aab025a8953235a620753"
"pre-run-snapshot\docs-assets-generated\mitc4_harmonic_broadband_response.png","96028","211d2123faa7e6d2829070461d01a44c767a0ba5dee595b10534eb64c2495491"
"pre-run-snapshot\docs-assets-generated\mitc4_harmonic_condensation_errors.png","90516","a2f2bc447903128435e5c4dc1f424c8c794f11316c468cbd6023f23e483d9046"
"pre-run-snapshot\docs-assets-generated\mitc4_harmonic_damping.png","49005","63ab11a5388e5c5f57d8ec7e328a622e70465d1d42c1ddf2d202306ef1c84537"
"pre-run-snapshot\docs-assets-generated\mitc4_harmonic_response.png","62609","0ea3e7bdeb4db446f89dcbbf103bb6868ee465ffbff2a18e1414529b86f3dd16"
"pre-run-snapshot\docs-assets-generated\mitc4_modal_plate_convergence.png","50162","7a6dc31dd590f95d93d768688c2912083433b3739b9c86fb7591cbe762b8185a"
"pre-run-snapshot\docs-assets-generated\mitc4_modal_plate_mode-11.png","307311","e274154a38cdfbcd041f90219e6a248436d305350cc80597031706312cb6a6ef"
"pre-run-snapshot\docs-assets-generated\mitc4_nafems13h_deformed.png","250911","ffa251165febf63b4ed222d4b5829d60fad1a047ef891eb789be333b07bf2dd3"
"pre-run-snapshot\docs-assets-generated\mitc4_nafems13h_model-setup.png","46833","f7bc02b2ca368e734942d3f924425e92633f4d4808174adb25a1ae222cf53f2e"
"pre-run-snapshot\docs-assets-generated\mitc4_nafems13h_response.png","48219","75caea1ef23cd5119d799b8b9c6545389915085d378d33a2b746e14b5c2994cc"
"pre-run-snapshot\docs-assets-generated\mitc4_nafems13h_stress-response.png","82289","60bf87ed0147fe5704bf1f066fc8181af29f41c4050ae5efa0c699aa7a89c904"
"pre-run-snapshot\docs-assets-generated\mitc4_newmark_broadband_convergence.png","120492","cd631d8b66e19b844ba9e8d2bf0ec58e24dfdc2db4ec2780a0927b7cafc0dba2"
"pre-run-snapshot\docs-assets-generated\mitc4_newmark_broadband_displacement.png","190681","cec06bf5e859f868285b3263ebc17fed9234b22bfb773acd48cf5475256810dc"
"pre-run-snapshot\docs-assets-generated\mitc4_newmark_broadband_excitations.png","146415","2b0fde304a03e77fa81e485d4486973e90a5bff68dc1a8c08d570477b1e52231"
"pre-run-snapshot\docs-assets-generated\mitc4_newmark_broadband_stress.png","191631","e9933c176dadfdef99416ff64a47d8d246e317d2111296975cb7663d3520985c"
"pre-run-snapshot\docs-assets-generated\mitc4_newmark_convergence.png","44616","b8f9d7a80a890255b87c25fb6654ff260b1bea56eed884322107ac89063ad922"
"pre-run-snapshot\docs-assets-generated\mitc4_newmark_extended_convergence.png","62509","4deedf3a7d5596e0c8435e00c5663e74e351f37fe8ada33c90eceb523d88939e"
"pre-run-snapshot\docs-assets-generated\mitc4_newmark_extended_histories.png","118385","cfba7289df79a3ab0977f15473cb015ee552b7b73f9eef0b4336a0c8dfdb33e8"
"pre-run-snapshot\docs-assets-generated\mitc4_newmark_history.png","89557","84d6f213b3d6ddb3d4bccca7b5cccabafd4c65f51c61083ab0c5afd71fd0c96d"
"pre-run-snapshot\docs-assets-generated\mitc4_shear_locking.png","64603","8987380250d4cef2af3998364754048a5e4b70531728ec7c4c476552fb90cac5"
"pre-run-snapshot\docs-assets-generated\modal_mode_1.png","209478","5168c70771a9be84decab4199c24f861a775d9e5de076d92d54f7fb9d74850ec"
"pre-run-snapshot\docs-assets-generated\newmark_history.png","123258","acf24a61fb1afe9c3dc690cfad114dcb62d8a101ea0307128470fa3344b0d63c"
"pre-run-snapshot\docs-assets-generated\nonlinear_convergence.png","75124","2d925ecc7e607532adf729f9920636dc2de9ee3e41e75d1f923e268181051a61"
"pre-run-snapshot\docs-assets-generated\rbe2_deformation.png","188554","bcba34403c47ede6dd3d8ddbb6e3600688cf34d6d491eaf49c56dac88f1aa132"
"pre-run-snapshot\docs-assets-generated\scordelis_lo.png","345859","b8ff6cf38d90ba0750b3256b8aad4f49f2d163ee1c272e0db51bf69bb9e58142"
"pre-run-snapshot\docs-assets-generated\solid_convergence.png","49211","8ddbf5c29b71a792c11585b9c087e89f366a90bf8bf8e409d3b23032e9388dfa"
"pre-run-snapshot\docs-assets-generated\spring_mass_mode.png","130151","72194f1061de009eaf2412f6f470250eb7fa4c3add5bbf909bb6717582aacc0b"
"pre-run-snapshot\docs-assets-generated\tet10_cantilever.png","308410","da5ce50198b4997e60bd221d0df4c2fabd9f663e959dcdfd455f6fd6fd27ab4e"
"pre-run-snapshot\docs-assets-generated\tet10_deformation.png","196219","a85fe42b40e3b4e06f8db888f6b5bb63c1a4753dce6d5b477111f72e2be49fa6"
"pre-run-snapshot\docs-assets-generated\tet10_formulation.svg","24051","6f1c991d17c3fb80d462ac1a30b96ae79f234ceda65ed04238fac346c39c3a63"
"pre-run-snapshot\docs-assets-generated\tet10_j2_cyclic_response.png","110235","46da8051ace138706af9aa8753a990ed54c14fd7d0e5f8010a6e5a64d48ab3e1"
"pre-run-snapshot\docs-assets-generated\tet4_cantilever.png","411975","f6cf576127e791106d9ceeb8da41891da992188f11f429471bbf65dc130599da"
"pre-run-snapshot\docs-assets-generated\tet4_compression.png","209875","5a0b490379823da2268143d3db13fd8547c2ae0ebccedd4f9b9729c8b7d6cf00"
"pre-run-snapshot\docs-assets-generated\tet4_deformation.png","213771","fa35cf91bdf43539ecfa12ddb31e8ee66dd72cf788fb7a668bd45af24fdff85e"
"pre-run-snapshot\docs-assets-generated\tet4_formulation.svg","18203","bf8b91f96f6b53686b1f674ad567f1da786f9e8a53e381b624ab2749124c1ff3"
"pre-run-snapshot\docs-assets-generated\VNV-MITC3-LAMINATE-DYNAMIC-001-harmonic.png","68710","17ca4f048eebb5d43c6ace433daa13987a941c9370c63f77af2eea3cc33e5f91"
"pre-run-snapshot\docs-assets-generated\VNV-MITC3-LAMINATE-DYNAMIC-001-newmark.png","105843","1bc4e6500119fda4daa271fc0ceb9a64e8d036da41a109f6ebda97a9a7d1e009"
"pre-run-snapshot\docs-assets-generated\VNV-MITC3-MODAL-CURVED-014.png","83710","0ec2be22c9e04b2227ae4644f39e5357b24f56d03ef9c4ade852807c3bef59bd"
"pre-run-snapshot\docs-assets-generated\VNV-MITC3-MODAL-FREEFREE-013.png","63749","2fb9580e16f361e70fd3801979878daccf44584831c1cd9d75944440823bfce4"
"pre-run-snapshot\docs-assets-generated\VNV-MITC3-NEWMARK-HARMONIC-CURVED-016.png","89309","04bc8cd13d49b0fe870a32cdb62bfad0b8673d0191bcb77872e72076b957f67b"
"pre-run-snapshot\docs-assets-generated\VNV-MITC4-LAMINATE-DYNAMIC-001-harmonic.png","68725","03f72f4b9da0330832189bf046a3d3385aa4700c32b8af60365b8913c72b4248"
"pre-run-snapshot\docs-assets-generated\VNV-MITC4-LAMINATE-DYNAMIC-001-newmark.png","105988","b5718595e2ee2543367ee64f07006671a69cadfe0b4773118883961f430c1a1b"
"pre-run-snapshot\docs-assets-generated\benchmarks\bm-beam2-cantilever-001_checks.png","77403","1eeb9c6a246b14d05d389bdff0738060bf5e4d6477d124d3526791044b2ff363"
"pre-run-snapshot\docs-assets-generated\benchmarks\bm-beam2-cantilever-001_deformation.png","226290","21e960dfd98f734f9c6cf964349bd0f971ccc7038c0386f132004b4920babc6c"
"pre-run-snapshot\docs-assets-generated\benchmarks\bm-beam2-cantilever-001_field_summary.json","538","cfa6dcd3c43c8c498761610651af6cd1612a3ce05dd55a6cba21b3586c6a69ee"
"pre-run-snapshot\docs-assets-generated\benchmarks\bm-beam2-cantilever-001_response.png","61873","41f152e77ba441762d79685873851d2e56f41a705e6a71f364b192f309b28a64"
"pre-run-snapshot\docs-assets-generated\benchmarks\bm-beam2-cantilever-001_strain_measure.png","249457","8c1068e964ff60fc583ac2e8d0538c5347be851ff096cebfeea3e21ad0d1d27a"
"pre-run-snapshot\docs-assets-generated\benchmarks\bm-dyn-cantilever-001_checks.png","61188","39ab6f057cf4862517f8a7763d5feb6a39b6b9f31e159e53669ed6e3a73a2afd"
"pre-run-snapshot\docs-assets-generated\benchmarks\bm-dyn-cantilever-001_deformation.png","329354","bbadadf3f9ce3ae0e54377e459d0cc6e8cb31b01d210408f9575ac531d4c68c4"
"pre-run-snapshot\docs-assets-generated\benchmarks\bm-dyn-cantilever-001_field_summary.json","885","5d062e4fd535e089a211a3a6c1975982f4236fbbff9e5c61fa35bb44b54acea3"
"pre-run-snapshot\docs-assets-generated\benchmarks\bm-dyn-cantilever-001_response.png","76093","f217b27fa79a33064cbfffae8ed09d6cfb76d66269aba0bfacb54392e3cb8c7a"
"pre-run-snapshot\docs-assets-generated\benchmarks\bm-dyn-cantilever-001_strain_measure.png","321738","a1eaacf8d1c0e615e01d4c35a4e5f22c510569c5a56cd0422cda132e3914d1cd"
"pre-run-snapshot\docs-assets-generated\benchmarks\bm-dyn-cantilever-001_von_mises.png","329969","ac30afffdcaaa0332c31328afa63e68e2d337ef9b0cd8d19680ecadc70b68a97"
"pre-run-snapshot\docs-assets-generated\benchmarks\bm-nl-j2-bar-001_checks.png","72204","dce8cf8c68f83ca52e4aead85cab9ee8cb280baa0025379dca23d26eb59d26a2"
"pre-run-snapshot\docs-assets-generated\benchmarks\bm-nl-j2-bar-001_deformation.png","256612","383e052aeeaad8f95e08a57bf4f46e3697cd4b2fac272ccf24b0eeeeac4b19d2"
"pre-run-snapshot\docs-assets-generated\benchmarks\bm-nl-j2-bar-001_field_summary.json","1235","9b9e1a587f934639bb86b250c56a38b1514b797635c6510ac02961436438162a"
"pre-run-snapshot\docs-assets-generated\benchmarks\bm-nl-j2-bar-001_plastic_strain.png","255325","95d5a491e13699e88826957829bc2d79fd10831b7113aa5d0c32046dbda1cd25"
"pre-run-snapshot\docs-assets-generated\benchmarks\bm-nl-j2-bar-001_response.png","51025","19ea18e68b6f22af1756e1e0ce16512f4fffc6d12cf280e3a9d26edc427dbeca"
"pre-run-snapshot\docs-assets-generated\benchmarks\bm-nl-j2-bar-001_strain_measure.png","251893","d318b97a9627da773c6d43079726a29c74d77926fc44bdeaf0784b214d00945c"
"pre-run-snapshot\docs-assets-generated\benchmarks\bm-nl-j2-bar-001_von_mises.png","249532","98fe0237d9233da840614947ae06afbe13329732d21b93c3a9ead42fc7866315"
"pre-run-snapshot\docs-assets-generated\benchmarks\bm-shl-cook-001_checks.png","50240","62e73b8f68abc82cec4ce9cc9632f375070a3fae7a3d879b24a7cbdc258ed517"
"pre-run-snapshot\docs-assets-generated\benchmarks\bm-shl-cook-001_deformation.png","218009","9a8b97d9995f7f5be734ebeea2488d5f67c8a4c6354d442814cccfc4618efbee"
"pre-run-snapshot\docs-assets-generated\benchmarks\bm-shl-cook-001_field_summary.json","873","91451044264f5ed4495e5b4558dd987daa1f44133b9bf75ffde78b6ed22f543e"
"pre-run-snapshot\docs-assets-generated\benchmarks\bm-shl-cook-001_strain_measure.png","279598","94c83b1be691e7af8a31a67e9b7224dcfaa1ea29da4b56c293837e913eec7a07"
"pre-run-snapshot\docs-assets-generated\benchmarks\bm-shl-cook-001_von_mises.png","277236","585769b82241848d9ea4d639d998c3398e0da8bb47f31e73b2c69a94b21be4f6"
"pre-run-snapshot\docs-assets-generated\benchmarks\bm-shl-pinched-001_checks.png","55521","8187caf577c9d254974b56cfa0519cb67fbf0c1ac11d4b2f796d2aaae9a1aa34"
"pre-run-snapshot\docs-assets-generated\benchmarks\bm-shl-pinched-001_deformation.png","745853","6e158ea6a9125b08943731fc530a1e339fbaa3f257a26b6d8358c3673b1cf098"
"pre-run-snapshot\docs-assets-generated\benchmarks\bm-shl-pinched-001_field_summary.json","905","a835dc4191c00e17a45871cce81b3dce94ce7a97d7eee689d397a2ae079f9bd2"
"pre-run-snapshot\docs-assets-generated\benchmarks\bm-shl-pinched-001_strain_measure.png","730840","85ce20d47393a6f2f7f5876741869244ba6263acd4082ac063bde5dc2518ea06"
"pre-run-snapshot\docs-assets-generated\benchmarks\bm-shl-pinched-001_von_mises.png","725241","cd87b45b354d4a0364b0d549be7a47104721c8fabe05379de437651e75d0eda1"
"pre-run-snapshot\docs-assets-generated\benchmarks\bm-shl-scordelis-001_checks.png","55050","5e7902e93fa70c228b96c1d93e48406ddf823d86372d84198ae6613388c5af0f"
"pre-run-snapshot\docs-assets-generated\benchmarks\bm-shl-scordelis-001_deformation.png","315714","95a144a2a312768a23f3301d7d98e9164ece1ebd4b069edd6054f6fc64be8405"
"pre-run-snapshot\docs-assets-generated\benchmarks\bm-shl-scordelis-001_field_summary.json","892","7cbdbb43d6b1b01716ec2734730fe51e3864d92a3eede1059acfd96a7ae132c8"
"pre-run-snapshot\docs-assets-generated\benchmarks\bm-shl-scordelis-001_strain_measure.png","321271","ec05ca3b2e2b29498362960cf8fbbff6e772d94c8fc33e77fcb17f85924cee44"
"pre-run-snapshot\docs-assets-generated\benchmarks\bm-shl-scordelis-001_von_mises.png","317009","6d8b7a287cd5d65036de934ecd46fb87546dbbd73579414eb653eb7b5e19c737"
"pre-run-snapshot\docs-assets-generated\benchmarks\bm-sol-cantilever-001_checks.png","87463","51164125c94302043c9d5fc0ba1fa8c0fe2e58c472c48bbd5342b71cf4d2422a"
"pre-run-snapshot\docs-assets-generated\benchmarks\bm-sol-cantilever-001_deformation.png","357522","1a5c23724fa664e2176bfd3bbe1a73fe7cd3f8343c2844f87e258fc8f4e964ba"
"pre-run-snapshot\docs-assets-generated\benchmarks\bm-sol-cantilever-001_field_summary.json","883","122297c7bca7a27f56c9d190611d3adaaa59f49347b61ff9da0e3e76dde65ac8"
"pre-run-snapshot\docs-assets-generated\benchmarks\bm-sol-cantilever-001_response.png","65079","23e6685335edd745e2dae74b17c7f0850dc2af7e1b2348345bb7796a19622ada"
"pre-run-snapshot\docs-assets-generated\benchmarks\bm-sol-cantilever-001_strain_measure.png","312563","42af24f43f9d391db025aab858b9bd816c74f4b5e18f70e9afc00c98e8e153f1"
"pre-run-snapshot\docs-assets-generated\benchmarks\bm-sol-cantilever-001_von_mises.png","327924","71b832bbda7fd570a9a8dc02eaef2e5818e1f28cdfc11602b53936b6f025889e"
"pre-run-snapshot\docs-assets-generated\benchmarks\bm-sol-tet10-lame-001_checks.png","56390","317d34b3e12a3b6a9c67a21dd47d72510a8f586917400208b04e1fc219f6f7c6"
"pre-run-snapshot\docs-assets-generated\benchmarks\bm-sol-tet10-lame-001_deformation.png","388375","b00077acf66e34fbc57866d604491293645222455196c9bcc0f2d7b4ddbda945"
"pre-run-snapshot\docs-assets-generated\benchmarks\bm-sol-tet10-lame-001_field_summary.json","882","68b90d1a07917a5ea0b2db3007cf4aeb3dcace7b08ab30ebacb154e072dd0cbc"
"pre-run-snapshot\docs-assets-generated\benchmarks\bm-sol-tet10-lame-001_strain_measure.png","298982","8054ae37b7d405601c53bfdb06de7df0bf3ee6fe7bec1f08a2ee11ee0c4512e2"
"pre-run-snapshot\docs-assets-generated\benchmarks\bm-sol-tet10-lame-001_von_mises.png","297060","2e006d9d5950f938e5d5be8084fa1b25ff2ef79685af72eeb86c3da0ad4d4486"
"pre-run-snapshot\docs-assets-generated\benchmarks\bm-sol-tet4-membrane-001_checks.png","89499","c648fd31166804ad05bf7b4f9820a3afe45133ae2d55d627f4d11d8d524e8e3f"
"pre-run-snapshot\docs-assets-generated\benchmarks\bm-sol-tet4-membrane-001_compression_deformation.png","469721","7b10568b61b380a57d0632f7ef04eff11e85bcceca7fade25c14b778e8927f74"
"pre-run-snapshot\docs-assets-generated\benchmarks\bm-sol-tet4-membrane-001_compression_field_summary.json","945","a06d3b4e663fbbeec857f5a319c9e5c93aea68364f2f33169faadfd8fb712cfc"
"pre-run-snapshot\docs-assets-generated\benchmarks\bm-sol-tet4-membrane-001_compression_strain_measure.png","505374","3008456e8f3e315093c28be28e5400aa1c25bd9914244e8576344d33174df233"
"pre-run-snapshot\docs-assets-generated\benchmarks\bm-sol-tet4-membrane-001_compression_von_mises.png","498280","2383d49002f77847ed3da68520df70c48a1183363de85dfcdc95c28bb0ea2135"
"pre-run-snapshot\docs-assets-generated\benchmarks\bm-sol-tet4-membrane-001_deformation.png","332154","f6834e1eda2ed15634afff6490f0332f83b002dbd57aef2c2eb9c67c3bf5c8c9"
"pre-run-snapshot\docs-assets-generated\benchmarks\bm-sol-tet4-membrane-001_field_summary.json","907","1a57ac5e316551c27dfcfb9f2a55811f3ba5d69036a50630b43e0f67afd8bebe"
"pre-run-snapshot\docs-assets-generated\benchmarks\bm-sol-tet4-membrane-001_response.png","88918","7f5d1cd7c21552c4d99c6c65b19c4932ebd139a3803504dec29cb5e62b157cd9"
"pre-run-snapshot\docs-assets-generated\benchmarks\bm-sol-tet4-membrane-001_strain_measure.png","323291","464a6a06f41a87b1e682a69932aca81066fc0adbb7fcca4e9025b6776bfede90"
"pre-run-snapshot\docs-assets-generated\benchmarks\bm-sol-tet4-membrane-001_von_mises.png","298524","975afd041ee9df421d13c3775a3bf46371b74436dc38dab26f1e0ef981f96fb9"
"pre-run-snapshot\docs-assets-generated\benchmarks\bm-sol-tet4-patch-001_checks.png","54682","4384e421ceff93afa5fbb287ba0b7625dabd43a4011d72374ac80b77e3d21f36"
"pre-run-snapshot\docs-assets-generated\benchmarks\bm-sol-tet4-patch-001_deformation.png","372749","e8775c48555c84f883fc138a741152836ea0d9b2859902f6ab1f08de53b4dd7a"
"pre-run-snapshot\docs-assets-generated\benchmarks\bm-sol-tet4-patch-001_field_summary.json","886","9ff8c2c42abaf7088462e693950bbbf3e603ee7ea198c996e530b4942722ec63"
"pre-run-snapshot\docs-assets-generated\benchmarks\bm-sol-tet4-patch-001_strain_measure.png","357374","5b8185130a57a04d2e427a85bb22263d9d8547754054ed61667dd37cd373c268"
"pre-run-snapshot\docs-assets-generated\benchmarks\bm-sol-tet4-patch-001_von_mises.png","350322","76c7b0b2fd1e56e243e393f3bdc1408b7719f62c0f609bc114d74e8f555c18cd"
"pre-run-snapshot\docs-assets-generated\benchmarks\bm-sol-tet4-torsion-001_checks.png","82704","85dee5bf514a3942d5da5354510f84524c8cf7f8c218f5ff932f26eb6465f9e3"
"pre-run-snapshot\docs-assets-generated\benchmarks\bm-sol-tet4-torsion-001_deformation.png","398853","3d89a145a86573db0052ca36684cd8759455c35a068e37840958bb8aab47d839"
"pre-run-snapshot\docs-assets-generated\benchmarks\bm-sol-tet4-torsion-001_field_summary.json","907","3573f81cb6c53d330d9a2b0d0721a1b8ade214e727c76c6b9af81372d27589d9"
"pre-run-snapshot\docs-assets-generated\benchmarks\bm-sol-tet4-torsion-001_response.png","64559","93a4cd59b0d4689c2d9e8b80e5aa923f838b4fdb8f4c425d51c7e55490d138b1"
"pre-run-snapshot\docs-assets-generated\benchmarks\bm-sol-tet4-torsion-001_strain_measure.png","393828","5c83709a7ba764e827e2add59a79b21d3b994ac4a8b7bf941b58e236372270ed"
"pre-run-snapshot\docs-assets-generated\benchmarks\bm-sol-tet4-torsion-001_von_mises.png","404875","cab366cf09aaa0170112f27554526f8fde9d1aa18cbc6d610378f69c963bc43a"
"pre-run-snapshot\docs-assets-generated\content_closure\beam2_code_aster_dynamic.png","225247","78c936387d1c39e1b3750514755f6e0a1e7cf36f424071a516653d73e9434907"
"pre-run-snapshot\docs-assets-generated\content_closure\beam2_transverse_dynamic_code_aster.png","78257","283c62ac36c44ecf7169eaf1c7ea5aea52b59287d015180e7c7c75fa2f454957"
"pre-run-snapshot\docs-assets-generated\content_closure\composite_nafems_convergence.png","121100","3dfca83b0833bc7d94056b1eab88226816a01e1b306c01c7f9b786381844331f"
"pre-run-snapshot\docs-assets-generated\content_closure\contact_code_aster_comparison.png","27577","bfa3dd28ab41ab2e76b6083ed8fdd7078af12aa04ae9ec26cd50de442856c819"
"pre-run-snapshot\docs-assets-generated\content_closure\discrete_code_aster_dynamic.png","166784","93e30e9f5cf4efa0df79677c95f8e5219abd1c77281ad8e339cf6460931c0747"
"pre-run-snapshot\docs-assets-generated\content_closure\mitc3_dynamic_code_aster.png","155344","de92d228e8134e5e1ebc80800a83479bda94efd7fe2c9612db8ead0faa9778fa"
"pre-run-snapshot\docs-assets-generated\content_closure\mitc3_hemisphere_convergence.png","85625","2a77ec2a35ba0966eca3e689ac72da4fcdd1e916b41c469615adaf7e2a97883d"
"pre-run-snapshot\docs-assets-generated\content_closure\mitc3_hemisphere_qf_code_aster.png","875065","8230fa9f036fd09120c1b2cd8b15eee942a3bad33fba1bc62a540de0d3763d76"
"pre-run-snapshot\docs-assets-generated\content_closure\mitc4_conical_calculix_deformation.png","508049","912e3e8b1e1abf3d4453d1336a6931f2c1a4606fcbde9157444ee92d0f40150e"
"pre-run-snapshot\docs-assets-generated\content_closure\mitc4_conical_qf_deformation.png","520621","0a80a6ed13678f33811c20dc69514063212e78573a34ce43ec78855ffb7c5749"
"pre-run-snapshot\docs-assets-generated\content_closure\mitc4_modal_code_aster_frequencies.png","55414","d880cd9797997c3300c0eef7ef289e2f6e3eba6f126bca0674a44baca7d3c62e"
"pre-run-snapshot\docs-assets-generated\content_closure\orthotropic_lbracket_calculix.png","351361","e4f642beff0f8e4e9a160885ddfe9dc974f58f4ff6b571596334c93adcf156a2"
"pre-run-snapshot\docs-assets-generated\content_closure\orthotropic_lbracket_code_aster.png","352264","3a18ce8e78cdab4876f7f20f7c3a975c091235579c728e64160fb780a7802cdf"
"pre-run-snapshot\docs-assets-generated\content_closure\orthotropic_lbracket_qf.png","351046","df3ed2f05fe3dd100658eae27b362d556e91906d549056f6d40be809d5ad2d9f"
"pre-run-snapshot\docs-assets-generated\content_closure\tet10_calculix_deformation.png","311093","ce463693e78cc14e99ccd8a20b665f2476925cd2d94329072ddfc5393b32ce02"
"pre-run-snapshot\docs-assets-generated\content_closure\tet10_dynamic_code_aster.png","317431","d7a02003b8d23213b36c92c5808a88c86b0d343424cef66963ff41f74351a9f7"
"pre-run-snapshot\docs-assets-generated\content_closure\tet10_structural_convergence.png","93941","577d9384ca2c54d84af899fe6355c9453899d6e5a675f51b6b8dafa16fee91bd"
"pre-run-snapshot\docs-assets-generated\content_closure\tet4_dynamic_code_aster.png","29714","701e36818b0ba8b12644f70464e7f387599efd5fe8ae6df78c315784c76814d9"
"pre-run-snapshot\docs-assets-generated\content_closure\tet4_tl_code_aster_stress.png","29714","701e36818b0ba8b12644f70464e7f387599efd5fe8ae6df78c315784c76814d9"
"pre-run-snapshot\docs-generated\assembly_element_results.md","262","68868abcb0f0a6f6067a0e402d6cab66a507ff09cc8be291a69918d1d0788f59"
"pre-run-snapshot\docs-generated\contact_friction_checks.md","520","84de29f722fafce1186e77172f06604ca2302671cb38eaad6ba41a3452fd0213"
"pre-run-snapshot\docs-generated\contact_friction_code_aster_checks.md","776","14a38e355e10c60a035836167d001c4a51e908affd62d103b4df167f4de96678"
"pre-run-snapshot\docs-generated\contact_friction_structural_checks.md","366","7824120c29373e178092927f1ad253c061ab7d4fd7e24f833903474326c9168a"
"pre-run-snapshot\docs-generated\contact_structural_checks.md","343","b6e943c2822d94bafa5bea6f5c041807839e331716be7a22b9356ac519a1e04f"
"pre-run-snapshot\docs-generated\demo_catalog.md","3363","664108e1c4e80ec0967825c1cf025e7dcb1e92a23fadb960588964bb21157ddb"
"pre-run-snapshot\docs-generated\demonstration_registry.md","4863","52bd6b855a4f2c85086d5990cf9d0980c9e9e15c88220fbd3e26f1c83e66bb4d"
"pre-run-snapshot\docs-generated\docs_manifest.json","185297","5d22d86207033cea38d4f713118d5a182130a57ade07814bbadcf2c7f2839d87"
"pre-run-snapshot\docs-generated\document_registry.md","53781","db05a98c73187da0608f5caccd2436acfdb2156023adc714f1fb8a7e100de046"
"pre-run-snapshot\docs-generated\formula_traceability.md","17422","47ac0c6ce36689fed78f80857dcb17705f07a2e232731b8ccd42806dd724ee27"
"pre-run-snapshot\docs-generated\harmonic_results.md","336","a2f5e377e4d6f5b79404c4dd0db28ab376a8244a2aa965eb03d9a4f9a4147fa0"
"pre-run-snapshot\docs-generated\large_model_results.md","379","95de6e6c033d3672dc9f7ad84fa1012c1b50999e2712999bb8781c7eee5236bd"
"pre-run-snapshot\docs-generated\linear_solver_results.md","282","69cc3b4cd2c6515fe64996410fb5e7b81d862debe7deb4c2569b8328616db39f"
"pre-run-snapshot\docs-generated\mitc4_harmonic_broadband_results.md","393","1830686b18f6382716ae8a221925f4194a1265d91b6fa1c35d76f3228c994ff1"
"pre-run-snapshot\docs-generated\mitc4_harmonic_condensation_results.md","307","78ed39206a67f7b07e91706ac8241f4a3350c85db517871506be549ee0951608"
"pre-run-snapshot\docs-generated\mitc4_harmonic_results.md","313","e51b4726b6a56117f3cbc2193f56eac7a4d686b83aaed5523ddae85517d708b2"
"pre-run-snapshot\docs-generated\mitc4_locking_results.md","232","536e7bad5a4420ddf847652be9558b1397491dd7eb0357c5e13f40ce9aa5097b"
"pre-run-snapshot\docs-generated\mitc4_modal_plate_results.md","789","8f226d2a050d4bdcd31ae05a64ca8642cd54993a035a36ea623912f2d197e6ce"
"pre-run-snapshot\docs-generated\mitc4_nafems13h_results.md","429","a93fc58f7f40315d0714d02e3207c8f02ff04307f5d5c5648c844664fb9699d7"
"pre-run-snapshot\docs-generated\mitc4_newmark_broadband_results.md","303","49378df14ab32160c6af347a6debe63eba2dcaa2f47a7e26f6cc1cf70ca77426"
"pre-run-snapshot\docs-generated\mitc4_newmark_extended_results.md","631","93e82f1c44f0ea4d7696e90543b3b70827a190eb9c158e4acfaf313d0a54ee2c"
"pre-run-snapshot\docs-generated\mitc4_newmark_results.md","446","abed7828d84f2b7666f136ca93e084ff84175dd33bb25ed664da985b07cd27f4"
"pre-run-snapshot\docs-generated\mitc4_results.md","355","4bc28ef56b4325d10be1072f647994d68c63ebcc9d6df2d0b3bb107176d4f993"
"pre-run-snapshot\docs-generated\modal_results.md","322","c023ec5be6f4e8f9df8cbd7fe3dcf344f5bdc992800f22561dec7307c78cf9f1"
"pre-run-snapshot\docs-generated\newmark_results.md","332","37a4a2605084940a9e610671d2d7c51e8e6417db8c0bac41e54dd58c8f3aee55"
"pre-run-snapshot\docs-generated\nonlinear_results.md","346","8688e4459199a5e04d3274f0ffb0e9e480449430741df7a0c1004a463625e6c5"
"pre-run-snapshot\docs-generated\qualification_status.md","165","6b725e886391e3aae6563d0fab329546ccf9265f2e213f61477390e0d94c3a8f"
"pre-run-snapshot\docs-generated\review_readiness.json","473","4a12377d29ed8b2f641a25a4490c9a6c3e8e8a8c29b63793031de2c482e7d679"
"pre-run-snapshot\docs-generated\review_readiness.md","426","e17d6084cef74e35d5643fd1f8200a602dee18aa0f8b522f18c1f475ae38d1aa"
"pre-run-snapshot\docs-generated\roadmap_status.md","401","5bd9787307aa4756af9af66bfb664023a7c92d0d37ef605aef70a45bbcfc4aa5"
"pre-run-snapshot\docs-generated\scordelis_results.md","213","7ed65a4dda7027116f4e6815da1c147645de36f5ba52b44b424dc9ab6dd9640e"
"pre-run-snapshot\docs-generated\solid_convergence_results.md","243","27a1b2657e577a181267d17299c8455f8788af6633ff626df8de45a1df7b8013"
"pre-run-snapshot\docs-generated\solver_matrix.md","480","dcdc70baab11e286d2602cfef4dfedc860d59569f5a0d2a0b344a2bbddb083bc"
"pre-run-snapshot\docs-generated\status.md","1843","39f14d4fde7afcba8e3ae19dcb5f72967bda46118c58953f7841a2eb26eda43d"
"pre-run-snapshot\docs-generated\technical_content_coverage_summary.json","5000","ab736b9fa2c57ef291811e7d54e64beb0c23df56355341ec3e09c49e18aad194"
"pre-run-snapshot\docs-generated\technical_content_coverage.md","19871","f53af219de72185b61896f3f23a4b3a03e8afe4ca76a8a23bc9d680913af302b"
"pre-run-snapshot\docs-generated\tet10_results.md","430","5f0818c0db0dea04bb9aff90e932480618508e307e33af5d48e3dba40f7394d6"
"pre-run-snapshot\docs-generated\tet4_body_force_results.md","323","6a557d001ddeb0b50d9beb8ec8d4b78f7ac1fbfeb709f52e10cecc4bcaf93913"
"pre-run-snapshot\docs-generated\tet4_cantilever_results.md","317","807b1b1e8c28c6b403f1093d04acd6aa54c157026972854390f88e6264cae54c"
"pre-run-snapshot\docs-generated\tet4_compression_results.md","407","afea38dc740cf67935250d7190f2479ebc75360a76e7cee265dca7d28a3e09fa"
"pre-run-snapshot\docs-generated\tet4_pressure_results.md","279","281903d91e06d3790fae2c37624608df1e69e8c30a3f67a7950ff006449b8a4a"
"pre-run-snapshot\docs-generated\tet4_results.md","407","afea38dc740cf67935250d7190f2479ebc75360a76e7cee265dca7d28a3e09fa"
"pre-run-snapshot\docs-generated\benchmarks\bm-beam2-cantilever-001_results.md","1724","ff2034d22ba786afffdaf3b63785555eab7822779316e5ebac8d6de084b1f03e"
"pre-run-snapshot\docs-generated\benchmarks\bm-dyn-cantilever-001_results.md","1628","3f6a26eee59adeff6730045e93d979073a61000c35c3d84a4cea9aedfae555f3"
"pre-run-snapshot\docs-generated\benchmarks\bm-nl-j2-bar-001_results.md","1505","deac3b41d4f6c2a09f51ff34eff05ad328bab05349ae71679a7eb4532266a364"
"pre-run-snapshot\docs-generated\benchmarks\bm-shl-cook-001_results.md","1010","f2dfcdceecef2c850cd59466c028a4f8d4aa6d030a0a55c60d91eefbf24a80dc"
"pre-run-snapshot\docs-generated\benchmarks\bm-shl-pinched-001_results.md","1066","cf8481c6d07a5c9ab5edfe91f084df5c7ca7c546826ca2f1e10641321af213fc"
"pre-run-snapshot\docs-generated\benchmarks\bm-shl-scordelis-001_results.md","1192","0a59300c8ee3017e064f3c78912772dc500be42671df0ab10495f7cd02daa285"
"pre-run-snapshot\docs-generated\benchmarks\bm-sol-cantilever-001_results.md","2663","84371b1a5dce8359f1ea0a9a2d30ad0b75b9d892401cb256afec092acaa59984"
"pre-run-snapshot\docs-generated\benchmarks\bm-sol-tet10-lame-001_results.md","1105","e1cd4cdf7aca37e2809358615b73e45af9345ca4c02ae3da4d1456f47a3491de"
"pre-run-snapshot\docs-generated\benchmarks\bm-sol-tet4-membrane-001_results.md","2952","8d1df459525300d1610e7e2e9955078bed2daffec59d706ff928e1aed6f50d62"
"pre-run-snapshot\docs-generated\benchmarks\bm-sol-tet4-patch-001_results.md","1164","21c278b3854e0cdf48f12e18fc96ed202d820669b8278a98ae6580f8e34d45f4"
"pre-run-snapshot\docs-generated\benchmarks\bm-sol-tet4-torsion-001_results.md","2562","2dffe8bedae406c95d530fbd153f6f1c24c78bc599d26a7c39c65fd810e58bf3"
"pre-run-snapshot\docs-generated\benchmarks\campaign_summary.json","22604","02e02f7174412ff22dd8c54f12ef82a9d13d3ac837670b2a1c614faad1cd22b0"
"pre-run-snapshot\docs-generated\benchmarks\torsion_h9_stress_probe.md","696","63f3fb58b790d5597b5b1e0a42991422a782b37592d6af65635ac7867e057500"
"pre-run-snapshot\docs-generated\benchmarks\BM-BEAM2-CANTILEVER-001\benchmark_manifest.json","6454","1971cbc09dc1111dde8fcdfc412d7e8cdf64406228b357a8eda27210da7c7fbe"
"pre-run-snapshot\docs-generated\benchmarks\BM-BEAM2-CANTILEVER-001\benchmark_summary.json","5817","7a34eaf276ed23086103801c735712f17501fe294062bdecd708cf89e2470acc"
"pre-run-snapshot\docs-generated\benchmarks\BM-BEAM2-CANTILEVER-001\modal_n1.json","25341","cbd9bf0d1af87b238c6829a4b0d6d5f889325a4c908281ae91db8f2527a3d8ff"
"pre-run-snapshot\docs-generated\benchmarks\BM-BEAM2-CANTILEVER-001\modal_n1.model.json","1134","0db02aba0ee1f990204b6dd48069b1bae383ff6be8cda3a672bc86022e7d0536"
"pre-run-snapshot\docs-generated\benchmarks\BM-BEAM2-CANTILEVER-001\modal_n16.json","129822","f4c371f15a1974b4d33b96d6e7edb771a8811150698212d9cf14e4dbad92fcab"
"pre-run-snapshot\docs-generated\benchmarks\BM-BEAM2-CANTILEVER-001\modal_n16.model.json","3657","6c6703e84e7ca1a854bb32fee0d53032ef47833ca8a8a6db854c005fc66ffcff"
"pre-run-snapshot\docs-generated\benchmarks\BM-BEAM2-CANTILEVER-001\modal_n2.json","32300","104abf6b7a227b95f71565981f7241576d2bed7c5337c3c12abb0409858cd4f0"
"pre-run-snapshot\docs-generated\benchmarks\BM-BEAM2-CANTILEVER-001\modal_n2.model.json","1300","fb3b1e706dc57d82b0663978df3103902d197efd69a397daa1f04a2c26f6f11c"
"pre-run-snapshot\docs-generated\benchmarks\BM-BEAM2-CANTILEVER-001\modal_n4.json","46199","916eec793e5a8a96808991d72497a2819be2d9d1c4ece74aeb9f175143eb7063"
"pre-run-snapshot\docs-generated\benchmarks\BM-BEAM2-CANTILEVER-001\modal_n4.model.json","1632","e1614e917845b211ce659980f681e80ac96d21c6291cfa02d5992fe74a4e1684"
"pre-run-snapshot\docs-generated\benchmarks\BM-BEAM2-CANTILEVER-001\modal_n8.json","73989","5496b1527846e9db391bde0e053c3613636223f94182997617ac6dae4e4a6d1b"
"pre-run-snapshot\docs-generated\benchmarks\BM-BEAM2-CANTILEVER-001\modal_n8.model.json","2300","849bb5bfb4df523d42def032c23654884c33460b69818a79eb1e8e4a97fcf23d"
"pre-run-snapshot\docs-generated\benchmarks\BM-BEAM2-CANTILEVER-001\static_n1.json","35349","2efe2f596b56c220f974fb4516087151a2835ccdaa4d5de74225f0c7065e571c"
"pre-run-snapshot\docs-generated\benchmarks\BM-BEAM2-CANTILEVER-001\static_n1.model.json","1293","c8751cb64bb7d4025708a38b1c0c2cc691ab182619a8c1cba4b9e0d42fab2907"
"pre-run-snapshot\docs-generated\benchmarks\BM-BEAM2-CANTILEVER-001\static_n1.vtu","2295","8fe83fe47bd1d4db0693914b886f78ac1371abefec8de8f53edf1a5596609618"
"pre-run-snapshot\docs-generated\benchmarks\BM-BEAM2-CANTILEVER-001\static_n16.json","205934","66fa927c99db2dada9a3d07e9d6e716167463400cf4c1a12646387c3232c7bbd"
"pre-run-snapshot\docs-generated\benchmarks\BM-BEAM2-CANTILEVER-001\static_n16.model.json","6387","87ce202f5a0b6155334c332432d383ae6c3b3b554995ab8a0e581b3119d1d1ba"
"pre-run-snapshot\docs-generated\benchmarks\BM-BEAM2-CANTILEVER-001\static_n16.vtu","3772","6f2b070a52213ef9bca7f010d4b3942ca5d9d5368607ad442ccb0ac9a4ef6b83"
"pre-run-snapshot\docs-generated\benchmarks\BM-BEAM2-CANTILEVER-001\static_n2.json","46662","a9187dd4448925e857616f95173894a53707cb440b0a1276356ed5a0f9e88529"
"pre-run-snapshot\docs-generated\benchmarks\BM-BEAM2-CANTILEVER-001\static_n2.model.json","1630","5e5408b2dfa7aea451c6d0821b075981706e654f6d9519d2f1f5826b8673b06e"
"pre-run-snapshot\docs-generated\benchmarks\BM-BEAM2-CANTILEVER-001\static_n2.vtu","2389","69a6ea3f494dafdcdf76d6880e0b8e688c532c89a6c0e4d95cdfbf504abe5e9d"
"pre-run-snapshot\docs-generated\benchmarks\BM-BEAM2-CANTILEVER-001\static_n4.json","69103","6c46ac271cfcb7232baa1815bb228ab00fc6116ebfec66a6cd596ee4f1407cce"
"pre-run-snapshot\docs-generated\benchmarks\BM-BEAM2-CANTILEVER-001\static_n4.model.json","2304","ab942bbb94e0c3c8596fd57d1e2fdee9249c9c6e1d2894f2518c2bf482d70e76"
"pre-run-snapshot\docs-generated\benchmarks\BM-BEAM2-CANTILEVER-001\static_n4.vtu","2579","5cda37d309d15db2652a7404a9626367eb3bec557de3ab1edfa3a2c193853e2a"
"pre-run-snapshot\docs-generated\benchmarks\BM-BEAM2-CANTILEVER-001\static_n8.json","114933","db520067d5f8eed45477dda78ec54bb3c7c2dd24e951078d4d8cb1a69b9c70b4"
"pre-run-snapshot\docs-generated\benchmarks\BM-BEAM2-CANTILEVER-001\static_n8.model.json","3656","30e89557a526bcbd11da785e879ec3483dfbbc1fe171fe1011b144beb8adb383"
"pre-run-snapshot\docs-generated\benchmarks\BM-BEAM2-CANTILEVER-001\static_n8.vtu","2967","344a441dd7af3ed0ede7df4663bd0b0489c126f8d3c02f2b76685ae43666ac29"
"pre-run-snapshot\docs-generated\benchmarks\BM-DYN-CANTILEVER-001\benchmark_manifest.json","3281","b5222a4aaa3f5703e8cdb7dcb438f55689c146c5afe268706081acc49471e05c"
"pre-run-snapshot\docs-generated\benchmarks\BM-DYN-CANTILEVER-001\benchmark_summary.json","2795","b2ddc03e0181dc2a32d178d0ff419e0e93e132ac1a7e863853a845f08160156c"
"pre-run-snapshot\docs-generated\benchmarks\BM-DYN-CANTILEVER-001\dynamic_cantilever_tet4.msh","10380","67c53306ffb228f3384f0e2593bfc5066297417a2ffaf493e433c9ecea3f02f9"
"pre-run-snapshot\docs-generated\benchmarks\BM-DYN-CANTILEVER-001\harmonic.json","1769959","660e020ec32bc0758849fb72030bb9346ce197b87c39e127bb291aac36934d0d"
"pre-run-snapshot\docs-generated\benchmarks\BM-DYN-CANTILEVER-001\modal.json","1548457","d0d87608dae7c04537f39d85912a0157751f4b56c8d79d229b59978671769e97"
"pre-run-snapshot\docs-generated\benchmarks\BM-DYN-CANTILEVER-001\static.import_report.json","1483","355e1c55a66cc139d8bf3b4dc34914de4d3aaef94edb24d1ba1d97cf334e9f08"
"pre-run-snapshot\docs-generated\benchmarks\BM-DYN-CANTILEVER-001\static.model.json","39040","e13385c5cd5f676a5d081bdc386fc39e19e57262529e7efff97f1f2bd2ad1011"
"pre-run-snapshot\docs-generated\benchmarks\BM-DYN-CANTILEVER-001\static.setup.json","1073","01cfe0cb6a78ae0f10803d41730b5c4e2cfd74e8ffa181e7b9e423a22d2e6945"
"pre-run-snapshot\docs-generated\benchmarks\BM-DYN-CANTILEVER-001\static.vtu","49429","c6475748a372a1ddddc778023bfa1954ad9f494a273b3d578caeaa9b9fbcb7c7"
"pre-run-snapshot\docs-generated\benchmarks\BM-NL-J2-BAR-001\benchmark_manifest.json","2676","8c1f1240c726b73af1cae4cb88e91e6652fd97d8c81dff558b52ffaee6b9f0b1"
"pre-run-snapshot\docs-generated\benchmarks\BM-NL-J2-BAR-001\benchmark_summary.json","2728","33ddbb7434bd39beb36c9d1a8752edc424a40e6eb92ab4d42c1186b996410928"
"pre-run-snapshot\docs-generated\benchmarks\BM-NL-J2-BAR-001\j2_bar_tet4.msh","8117","cf3600914d19bcb66d2d2a0d644922fc67048fde124e70329c277cc15585248b"
"pre-run-snapshot\docs-generated\benchmarks\BM-NL-J2-BAR-001\result.import_report.json","1923","c8890620163c89a2e17b4c4383cefa8628d34452f4f9756861dc254038edfd14"
"pre-run-snapshot\docs-generated\benchmarks\BM-NL-J2-BAR-001\result.model.json","29100","573270442e4d309849ff33acaefbae30ad17286741eec704be347e8d37fa1826"
"pre-run-snapshot\docs-generated\benchmarks\BM-NL-J2-BAR-001\result.setup.json","1637","1855b312d0919562e35b73f7a72ff58d52317b6da359ca0fd3fab768185e766a"
"pre-run-snapshot\docs-generated\benchmarks\BM-NL-J2-BAR-001\result.vtu","34264","64eea56123215499167a6301a49259ab7ff904efdc5632edbe1451a9fbe25c8e"
"pre-run-snapshot\docs-generated\benchmarks\BM-SHL-COOK-001\benchmark_manifest.json","2672","84d3009247b6c2c8e6241b3ea44d7e7af99b58a352ed9c8e06661044282508e7"
"pre-run-snapshot\docs-generated\benchmarks\BM-SHL-COOK-001\benchmark_summary.json","1609","ea9db55f0c408f4fecc7669dc05a2f4cb11a57f6de184df7d183f5d31a5bbb3c"
"pre-run-snapshot\docs-generated\benchmarks\BM-SHL-COOK-001\cook_mitc4.msh","12185","c72c2512784e0c3ba0bd3685e40a401db630256630f47366390b2267627f11e7"
"pre-run-snapshot\docs-generated\benchmarks\BM-SHL-COOK-001\result.import_report.json","1101","2d9655f9f17bf0149df4c24ca5b0129bb07fb92561dd6c74720130662b4e46e7"
"pre-run-snapshot\docs-generated\benchmarks\BM-SHL-COOK-001\result.model.json","60455","02a31a70d72bbecc72753ff1dac6b9c50fe6b5d20f2184c87c1f6af12125d76a"
"pre-run-snapshot\docs-generated\benchmarks\BM-SHL-COOK-001\result.setup.json","1171","80e7002bf3b776aff93cefac66148e0f5545cce4f3ca70cf5ef3a2d27cf0800e"
"pre-run-snapshot\docs-generated\benchmarks\BM-SHL-COOK-001\result.vtu","49716","6b27a8ab412afe8618d37a57616dd4e397d3d4f1b78f57e0c5af12e1fd502e48"
"pre-run-snapshot\docs-generated\benchmarks\BM-SHL-PINCHED-001\benchmark_manifest.json","2691","c82bc5f793c03e2846f1fe9e37ccae85a76ee7d6ed0894a094338244a8facf92"
"pre-run-snapshot\docs-generated\benchmarks\BM-SHL-PINCHED-001\benchmark_summary.json","1746","d1dd60e4f9f0aeeafa85310e0b353c84656afd105468e52b0feb7ce6c9e9faf5"
"pre-run-snapshot\docs-generated\benchmarks\BM-SHL-PINCHED-001\pinched_cylinder_mitc4.msh","154515","3ae902a6a94b465e9b88d7c4a2aa47dbb62e767cb75ce5462aef1f64e6cf872b"
"pre-run-snapshot\docs-generated\benchmarks\BM-SHL-PINCHED-001\result.import_report.json","1369","e348d8d37f6ae8d618df1c4083f263b1027b37b1f529ceafbc8600edd9e0abad"
"pre-run-snapshot\docs-generated\benchmarks\BM-SHL-PINCHED-001\result.model.json","493531","1fc99fb4fa68d94b57a2656a53a3a0946dcfaff64fa422aae8a3035e75707e84"
"pre-run-snapshot\docs-generated\benchmarks\BM-SHL-PINCHED-001\result.setup.json","1473","67b250d96824c7879207ac77f8ff54dc40fed374c0aafd9dda8ba5350fbb935b"
"pre-run-snapshot\docs-generated\benchmarks\BM-SHL-PINCHED-001\result.vtu","488471","dab7857fb96c1b95432620b2f7bbd86d10790a94a0115d2ecf53f02cda087b11"
"pre-run-snapshot\docs-generated\benchmarks\BM-SHL-SCORDELIS-001\benchmark_manifest.json","2684","8e5342664ccd93973733ca2b213b5ba5546631e3ead1b4ba57f1e446f2d8d8de"
"pre-run-snapshot\docs-generated\benchmarks\BM-SHL-SCORDELIS-001\benchmark_summary.json","1994","94210c4b4eaff7d6e7e43df00fc63413f9f11dd1d38497e93e48dbeed9023869"
"pre-run-snapshot\docs-generated\benchmarks\BM-SHL-SCORDELIS-001\result.import_report.json","1108","6b7d75b2716456673affc28002d74b84e6501bf7480e2dac7196fe563118cae4"
"pre-run-snapshot\docs-generated\benchmarks\BM-SHL-SCORDELIS-001\result.model.json","180595","ff03275f9466d2ba34c97686d58f0d06a24da9a7022b2a3a7232e8d8e6bb33cc"
"pre-run-snapshot\docs-generated\benchmarks\BM-SHL-SCORDELIS-001\result.setup.json","1242","04853be35d49a02dd2d1f7bc17df3c028efdaecd15f670dadfed827bbe4c132f"
"pre-run-snapshot\docs-generated\benchmarks\BM-SHL-SCORDELIS-001\result.vtu","88947","65cfccdecfc8efeb7ea947d21a8eadd6f87af02c37597566ee5d9f9fbad0cb96"
"pre-run-snapshot\docs-generated\benchmarks\BM-SHL-SCORDELIS-001\scordelis_mitc4.msh","28811","7315f62c1d117dd48517abc579724ecd9b31d133010c71d1da9998ed56df9400"
"pre-run-snapshot\docs-generated\benchmarks\BM-SOL-CANTILEVER-001\benchmark_manifest.json","12091","a0dec5d7ca3662ce27287d936e3e281d267e5ef412edb5b712af0194859058e8"
"pre-run-snapshot\docs-generated\benchmarks\BM-SOL-CANTILEVER-001\benchmark_summary.json","8257","ef72f7edf72861c8af885874ff27429d78794639ee356b645ee1c49b744dd985"
"pre-run-snapshot\docs-generated\benchmarks\BM-SOL-CANTILEVER-001\cantilever_tet10.msh","39022","dc62d5c0acdda593b13eeb67435357ffbefeff20169547654c8afeced7f9d05e"
"pre-run-snapshot\docs-generated\benchmarks\BM-SOL-CANTILEVER-001\cantilever_tet4.msh","12656","91c663f1066ea352936b725db7705bff8383229d12309da4e8ac5eb6bd917c21"
"pre-run-snapshot\docs-generated\benchmarks\BM-SOL-CANTILEVER-001\tet10.import_report.json","1480","bcc3c5cf37913c93f3a1896c004f701ab63c0cbaf42861709e23cf87332c47cd"
"pre-run-snapshot\docs-generated\benchmarks\BM-SOL-CANTILEVER-001\tet10.model.json","108284","d1febcc79a027cc6d6f5b0299fdedadcc641623cfef10e5df467162fa35465e1"
"pre-run-snapshot\docs-generated\benchmarks\BM-SOL-CANTILEVER-001\tet10.setup.json","1149","597b412f46090056677c869b5932c9f099b13deea5a3d09ad3406d73adbb1350"
"pre-run-snapshot\docs-generated\benchmarks\BM-SOL-CANTILEVER-001\tet10.vtu","150779","2e9598218b3a3f5d700e18394f00a969e045ca31b1fd8edf6b76e63d909b36ea"
"pre-run-snapshot\docs-generated\benchmarks\BM-SOL-CANTILEVER-001\tet4_h1.import_report.json","1470","8517174b45698fa940b500936dcb6bd3e787dece9231b01ed2f6ee1d9108818d"
"pre-run-snapshot\docs-generated\benchmarks\BM-SOL-CANTILEVER-001\tet4_h1.model.json","43539","6f3d9e800c473224ce5f0caa7c1736b6048c5575ebcf22b816089ad2a3a1d4be"
"pre-run-snapshot\docs-generated\benchmarks\BM-SOL-CANTILEVER-001\tet4_h1.msh","10328","3a38ff2bb32bf12a989c05b35528674596deb5155ef8ac07977032171db15597"
"pre-run-snapshot\docs-generated\benchmarks\BM-SOL-CANTILEVER-001\tet4_h1.setup.json","1169","5ea94b7428986cb3de1a541ff61db7303879ef8f3a31db2d8ebc8e3d3e7368c1"
"pre-run-snapshot\docs-generated\benchmarks\BM-SOL-CANTILEVER-001\tet4_h1.vtu","55810","b1d4595a7218a2b542839035b833bb7564f29bc1086767ec0393104b76463b47"
"pre-run-snapshot\docs-generated\benchmarks\BM-SOL-CANTILEVER-001\tet4_h2.import_report.json","1470","868edc389d3f53c0f7bb4d570d26d0e0eb678bcc51c14e319f814d8508895cc2"
"pre-run-snapshot\docs-generated\benchmarks\BM-SOL-CANTILEVER-001\tet4_h2.model.json","49073","088c10bbd0cba15696c20ce17ba764e88ad5831d2a3e2c209efdbffe4edcd3ac"
"pre-run-snapshot\docs-generated\benchmarks\BM-SOL-CANTILEVER-001\tet4_h2.msh","12351","aa02ccb4c837f69b676a31b53afd2b2c6cbc75a7f2e5eba9d60c4c5982164c3e"
"pre-run-snapshot\docs-generated\benchmarks\BM-SOL-CANTILEVER-001\tet4_h2.setup.json","1169","5ea94b7428986cb3de1a541ff61db7303879ef8f3a31db2d8ebc8e3d3e7368c1"
"pre-run-snapshot\docs-generated\benchmarks\BM-SOL-CANTILEVER-001\tet4_h2.vtu","63299","b409e06bd275d800426cdaed8705959de54c1bfb443692a98ae9aa3f3fb0edb1"
"pre-run-snapshot\docs-generated\benchmarks\BM-SOL-CANTILEVER-001\tet4_h3.import_report.json","1470","1ec39d3586d670d2d85ded71aca4a142af0b185e47fa53804a51edd116c20a50"
"pre-run-snapshot\docs-generated\benchmarks\BM-SOL-CANTILEVER-001\tet4_h3.model.json","63630","ad64586f990f66eb3daa298ef8b2fc6e1f485d9410acca70e14d09a405e62fbe"
"pre-run-snapshot\docs-generated\benchmarks\BM-SOL-CANTILEVER-001\tet4_h3.msh","16668","543a4d840774561b62eccc9502f1339309df0565bf48ea2e3548152bc5460e2d"
"pre-run-snapshot\docs-generated\benchmarks\BM-SOL-CANTILEVER-001\tet4_h3.setup.json","1169","5ea94b7428986cb3de1a541ff61db7303879ef8f3a31db2d8ebc8e3d3e7368c1"
"pre-run-snapshot\docs-generated\benchmarks\BM-SOL-CANTILEVER-001\tet4_h3.vtu","82866","703141064aa9760e91ef1fee85f203b1727259f802b7ed9787cc27f2a093d988"
"pre-run-snapshot\docs-generated\benchmarks\BM-SOL-CANTILEVER-001\tet4_h4.import_report.json","1472","7bf48fd85ecdcaf0da45872f30f6c297f1943468fbbff9e77b08c7eecddf802f"
"pre-run-snapshot\docs-generated\benchmarks\BM-SOL-CANTILEVER-001\tet4_h4.model.json","128613","1a96ab78442e744ea815a7c32c5ac3f5816e1a4956aaf1c684d98630025f96ae"
"pre-run-snapshot\docs-generated\benchmarks\BM-SOL-CANTILEVER-001\tet4_h4.msh","32084","3cc67b6b8e846479902c0caa42eb1c33b953659d66643fdae63042c17386cb0a"
"pre-run-snapshot\docs-generated\benchmarks\BM-SOL-CANTILEVER-001\tet4_h4.setup.json","1169","5ea94b7428986cb3de1a541ff61db7303879ef8f3a31db2d8ebc8e3d3e7368c1"
"pre-run-snapshot\docs-generated\benchmarks\BM-SOL-CANTILEVER-001\tet4_h4.vtu","165603","75fb9a62af008f2b37cf018c1889924c4b3c2dd9e3a8fe7038a44bed25b0fa53"
"pre-run-snapshot\docs-generated\benchmarks\BM-SOL-CANTILEVER-001\tet4_h5.import_report.json","1477","19264e0da88d62193ddec189ea13c83aeaa27bf30e97a6bcc5f2b5cbe910f7b4"
"pre-run-snapshot\docs-generated\benchmarks\BM-SOL-CANTILEVER-001\tet4_h5.model.json","215460","021cf60ad915a3eefd1e39e65b76472298a882c1fe6e0a7f37c3c853588d5837"
"pre-run-snapshot\docs-generated\benchmarks\BM-SOL-CANTILEVER-001\tet4_h5.msh","53221","d220979f2fa6cfab03c8f1271b0c2a3e792b8306125f74c899632254c85dd54f"
"pre-run-snapshot\docs-generated\benchmarks\BM-SOL-CANTILEVER-001\tet4_h5.setup.json","1169","5ea94b7428986cb3de1a541ff61db7303879ef8f3a31db2d8ebc8e3d3e7368c1"
"pre-run-snapshot\docs-generated\benchmarks\BM-SOL-CANTILEVER-001\tet4_h5.vtu","282071","fa63da389506e131b85d2124aefe96ca4c3704c7abd56fadb96e8b8f8a44ea99"
"pre-run-snapshot\docs-generated\benchmarks\BM-SOL-CANTILEVER-001\tet4_h6.import_report.json","1477","909b0bc7281deeac154ae66cd4a7eeb9714cbd6a70d142f68f7065d1608880f7"
"pre-run-snapshot\docs-generated\benchmarks\BM-SOL-CANTILEVER-001\tet4_h6.model.json","445386","b9f6ec85f7eef1ff100c64b68b7964328e14af90913273444c0994cf4152040a"
"pre-run-snapshot\docs-generated\benchmarks\BM-SOL-CANTILEVER-001\tet4_h6.msh","105445","f9e05b7554342ff6900f4fc6f964a938aaf4124eb57286025895c4fceb9fde3d"
"pre-run-snapshot\docs-generated\benchmarks\BM-SOL-CANTILEVER-001\tet4_h6.setup.json","1169","5ea94b7428986cb3de1a541ff61db7303879ef8f3a31db2d8ebc8e3d3e7368c1"
"pre-run-snapshot\docs-generated\benchmarks\BM-SOL-CANTILEVER-001\tet4_h6.vtu","577764","f7586a877e911b126397146bd998dc913c0b87cf3f18d63fa6ead57e37992c2a"
"pre-run-snapshot\docs-generated\benchmarks\BM-SOL-CANTILEVER-001\tet4.import_report.json","1475","ae383cdbea6173aecd5af59646879f7a12451f79caefe14e205160c1b6c9f512"
"pre-run-snapshot\docs-generated\benchmarks\BM-SOL-CANTILEVER-001\tet4.model.json","49333","66d7966093e3d30e1652ef182194e6437c1a2c043959de47372046abf37f97e5"
"pre-run-snapshot\docs-generated\benchmarks\BM-SOL-CANTILEVER-001\tet4.setup.json","1148","e8ed98db31715c7fcdf360e81de022274f48bef7eaeb0573c820d9e71402ca96"
"pre-run-snapshot\docs-generated\benchmarks\BM-SOL-CANTILEVER-001\tet4.vtu","63289","3a7312f33df5c554002689c3834cecae82b7985333d1fabd55b6da4e31288f94"
"pre-run-snapshot\docs-generated\benchmarks\BM-SOL-TET10-LAME-001\benchmark_manifest.json","2684","cc55cbef5506dd3bf1aba406d6dfb14d97ded6aa61ca126ab03b673501867296"
"pre-run-snapshot\docs-generated\benchmarks\BM-SOL-TET10-LAME-001\benchmark_summary.json","1883","616abc742f2d308de8c292e98920b42743de66f6df68f4cf2c82e10343af613e"
"pre-run-snapshot\docs-generated\benchmarks\BM-SOL-TET10-LAME-001\lame_tet10.msh","48606","f2f18581bfed3beaa8d353d749cdffd17a22de911d7f9947ae55e02dc5b89cf9"
"pre-run-snapshot\docs-generated\benchmarks\BM-SOL-TET10-LAME-001\result.import_report.json","1378","97a58fadbc7176b6e4c19dc85dcb48ef069a1eb87fe2c4561fd477610848b1a8"
"pre-run-snapshot\docs-generated\benchmarks\BM-SOL-TET10-LAME-001\result.model.json","146014","9656e551a36a6d1ae619eb170710bf80c61358fa13813aebf7372134f44d2ecc"
"pre-run-snapshot\docs-generated\benchmarks\BM-SOL-TET10-LAME-001\result.setup.json","1377","d8e0a73a6b552a4b1bd033359b7df019681769d7729cf8db2360c146454f3553"
"pre-run-snapshot\docs-generated\benchmarks\BM-SOL-TET10-LAME-001\result.vtu","157012","d5268599af021fbc776923fb29b8ac264776de7d14c5bb8aafc57658c59b40e6"
"pre-run-snapshot\docs-generated\benchmarks\BM-SOL-TET4-MEMBRANE-001\benchmark_manifest.json","12731","9dbf9258bd05095d8eadc19a7b80324219d0589062c33a24d0fdde88ada6ab55"
"pre-run-snapshot\docs-generated\benchmarks\BM-SOL-TET4-MEMBRANE-001\benchmark_summary.json","9724","fb069a5bece26b67e8ed8c2878a10f054b49a7f7bc703a961cc5353d540c7a3c"
"pre-run-snapshot\docs-generated\benchmarks\BM-SOL-TET4-MEMBRANE-001\compression_h1.import_report.json","1922","7fe3c7e5071de6b38ab71eaf7857f495a520b03110b3c9e3eede0e052067ce38"
"pre-run-snapshot\docs-generated\benchmarks\BM-SOL-TET4-MEMBRANE-001\compression_h1.model.json","40157","c0363394a49a4af67fc5f8ba2a32a30a69bcc3eb773180e12262d9156dd81cd5"
"pre-run-snapshot\docs-generated\benchmarks\BM-SOL-TET4-MEMBRANE-001\compression_h1.setup.json","1465","7eada286ee8e1cbb32ebe011781377e862e3a7266e263d975c0884d817ae558a"
"pre-run-snapshot\docs-generated\benchmarks\BM-SOL-TET4-MEMBRANE-001\compression_h1.vtu","50275","edbc88b3f4b00b713168788108bd43cb54cf40c02d2933e8562a3f8000326414"
"pre-run-snapshot\docs-generated\benchmarks\BM-SOL-TET4-MEMBRANE-001\compression_h2.import_report.json","1925","62677d61ef8853b5ae7e4f0e1bc7e3504719c7e8dd9fd1435b8c86c762279754"
"pre-run-snapshot\docs-generated\benchmarks\BM-SOL-TET4-MEMBRANE-001\compression_h2.model.json","81586","281ae220fe5baf04bdff7f6fcb6e54a95eed1a4730c38b7848426811b06c1f97"
"pre-run-snapshot\docs-generated\benchmarks\BM-SOL-TET4-MEMBRANE-001\compression_h2.setup.json","1465","7eada286ee8e1cbb32ebe011781377e862e3a7266e263d975c0884d817ae558a"
"pre-run-snapshot\docs-generated\benchmarks\BM-SOL-TET4-MEMBRANE-001\compression_h2.vtu","101570","ecf605b4f72027db2cabb7405b131d8776ca8c3c7f279612c41c95bb496437bc"
"pre-run-snapshot\docs-generated\benchmarks\BM-SOL-TET4-MEMBRANE-001\compression_h3.import_report.json","1926","6f98586d3cc9b25a7662b538c248734c9005dcf2fcaa4fe7c4b3444123beb0d9"
"pre-run-snapshot\docs-generated\benchmarks\BM-SOL-TET4-MEMBRANE-001\compression_h3.model.json","120768","f1e0046c69f73348e096db8635b755e5807163b4193a113b93740b9d917fa02c"
"pre-run-snapshot\docs-generated\benchmarks\BM-SOL-TET4-MEMBRANE-001\compression_h3.setup.json","1465","7eada286ee8e1cbb32ebe011781377e862e3a7266e263d975c0884d817ae558a"
"pre-run-snapshot\docs-generated\benchmarks\BM-SOL-TET4-MEMBRANE-001\compression_h3.vtu","151267","4d82958cd5ed36cd40b14cdb419e449bafc4e17ef5bfba09d251bb9850900a45"
"pre-run-snapshot\docs-generated\benchmarks\BM-SOL-TET4-MEMBRANE-001\compression_h4.import_report.json","1929","7eddcaa78f4990a4ef2ca552c962841f92f2cbe8841efc07dc55251e85de6795"
"pre-run-snapshot\docs-generated\benchmarks\BM-SOL-TET4-MEMBRANE-001\compression_h4.model.json","206768","3ea514a944f2972642cc3994f92a3d32f33085796b169235825950f920689b25"
"pre-run-snapshot\docs-generated\benchmarks\BM-SOL-TET4-MEMBRANE-001\compression_h4.setup.json","1465","7eada286ee8e1cbb32ebe011781377e862e3a7266e263d975c0884d817ae558a"
"pre-run-snapshot\docs-generated\benchmarks\BM-SOL-TET4-MEMBRANE-001\compression_h4.vtu","259307","d0b55f0d6bdf61f1a6573a481eb3d685d459154da8b764c4ab6b355b788fa1cd"
"pre-run-snapshot\docs-generated\benchmarks\BM-SOL-TET4-MEMBRANE-001\compression_h5.import_report.json","1929","b530ffa2211c381a07944ce3ae0b6f532ef51e28794ed73b011f47e0c01cfe53"
"pre-run-snapshot\docs-generated\benchmarks\BM-SOL-TET4-MEMBRANE-001\compression_h5.model.json","425008","b02ac04754ae47d031552e966268e04f7f66125d353ef289cd906d7398579027"
"pre-run-snapshot\docs-generated\benchmarks\BM-SOL-TET4-MEMBRANE-001\compression_h5.setup.json","1465","7eada286ee8e1cbb32ebe011781377e862e3a7266e263d975c0884d817ae558a"
"pre-run-snapshot\docs-generated\benchmarks\BM-SOL-TET4-MEMBRANE-001\compression_h5.vtu","532384","d29d7c3fc94446be4cea518dd955596baff8ca47a6bd3550fd92549f245df377"
"pre-run-snapshot\docs-generated\benchmarks\BM-SOL-TET4-MEMBRANE-001\h1.msh","10425","0a9e86e8582c730523f6f6c0b174881fa06f181cce9131fef944eae9172c2c0b"
"pre-run-snapshot\docs-generated\benchmarks\BM-SOL-TET4-MEMBRANE-001\h2.msh","20217","0b881acdacbcbfbb3a9261151a0b88876a4b82967ad0adb395eb246df96eb5c3"
"pre-run-snapshot\docs-generated\benchmarks\BM-SOL-TET4-MEMBRANE-001\h3.msh","30141","df92fc20d563ab787f51cce05f3684d512c9ca70863991680f46105a89de8c3c"
"pre-run-snapshot\docs-generated\benchmarks\BM-SOL-TET4-MEMBRANE-001\h4.msh","52036","dfdff8c9eb867ae1634ea00fb52d3b76ae520560eb92704be658e8eab56a10c0"
"pre-run-snapshot\docs-generated\benchmarks\BM-SOL-TET4-MEMBRANE-001\h5.msh","99743","44f70b40993264088934c890dba30a9ebe9701f668cb44c667cc3b8017ddb656"
"pre-run-snapshot\docs-generated\benchmarks\BM-SOL-TET4-MEMBRANE-001\traction_h1.import_report.json","1919","988501cc17ae572fd27c10670bf37a29794fbdba7f1b6db3bc35d0919602a563"
"pre-run-snapshot\docs-generated\benchmarks\BM-SOL-TET4-MEMBRANE-001\traction_h1.model.json","40145","c8ef55ae5502375e9dda457a3d47c9d85c98d641b462697588660fd01560ae25"
"pre-run-snapshot\docs-generated\benchmarks\BM-SOL-TET4-MEMBRANE-001\traction_h1.setup.json","1464","fab56b8adb4b37dbe4f0a1b405b64841a757f29c65c9fcbd16e853c75feb2995"
"pre-run-snapshot\docs-generated\benchmarks\BM-SOL-TET4-MEMBRANE-001\traction_h1.vtu","50103","a33558d98be6ca37349790ffb72b7e8579810e42e47908cfe55b31d747ebf598"
"pre-run-snapshot\docs-generated\benchmarks\BM-SOL-TET4-MEMBRANE-001\traction_h2.import_report.json","1922","45640484493d091aece006dc9031f7ca8e35d543d171995a454b0707a85e7dae"
"pre-run-snapshot\docs-generated\benchmarks\BM-SOL-TET4-MEMBRANE-001\traction_h2.model.json","81566","6e8f19919ab51ccea329218fcd355548441813f52675a4274512680ffe8dfd10"
"pre-run-snapshot\docs-generated\benchmarks\BM-SOL-TET4-MEMBRANE-001\traction_h2.setup.json","1464","fab56b8adb4b37dbe4f0a1b405b64841a757f29c65c9fcbd16e853c75feb2995"
"pre-run-snapshot\docs-generated\benchmarks\BM-SOL-TET4-MEMBRANE-001\traction_h2.vtu","101374","778cb58575c5c84d0f3685786ecea5cabc9bebc7fc2836bb5175fb5ddfc3c681"
"pre-run-snapshot\docs-generated\benchmarks\BM-SOL-TET4-MEMBRANE-001\traction_h3.import_report.json","1923","05c0d7ee326fbf06633e32ad66826a12015d9eb2dad6f3f180528cd805362aef"
"pre-run-snapshot\docs-generated\benchmarks\BM-SOL-TET4-MEMBRANE-001\traction_h3.model.json","120742","5eae6bb820acf8fc301d4c1e8ff5e3ba5fff9243304ebc4dae2b0792350b8313"
"pre-run-snapshot\docs-generated\benchmarks\BM-SOL-TET4-MEMBRANE-001\traction_h3.setup.json","1464","fab56b8adb4b37dbe4f0a1b405b64841a757f29c65c9fcbd16e853c75feb2995"
"pre-run-snapshot\docs-generated\benchmarks\BM-SOL-TET4-MEMBRANE-001\traction_h3.vtu","150942","08121c276c693bbd86bb6b8d678db447da5a249f163f6835f5d2e4fa6e70ee5a"
"pre-run-snapshot\docs-generated\benchmarks\BM-SOL-TET4-MEMBRANE-001\traction_h4.import_report.json","1926","7cbce80d0212488d05342b106e80953593714e366e6fd2b94df49a66dc0fe3c6"
"pre-run-snapshot\docs-generated\benchmarks\BM-SOL-TET4-MEMBRANE-001\traction_h4.model.json","206734","20343e959e6051e7b774f22136c01537772a31a262b5acc4ee072146cdc66527"
"pre-run-snapshot\docs-generated\benchmarks\BM-SOL-TET4-MEMBRANE-001\traction_h4.setup.json","1464","fab56b8adb4b37dbe4f0a1b405b64841a757f29c65c9fcbd16e853c75feb2995"
"pre-run-snapshot\docs-generated\benchmarks\BM-SOL-TET4-MEMBRANE-001\traction_h4.vtu","258563","e16f3d8fadb8d5879df9711575f925061ccfc350e46199e4824e97e8ab913efa"
"pre-run-snapshot\docs-generated\benchmarks\BM-SOL-TET4-MEMBRANE-001\traction_h5.import_report.json","1926","52b2419b811ed3953c8587c5edeb6d5b828a3ed337142e5824d180d772c10d74"
"pre-run-snapshot\docs-generated\benchmarks\BM-SOL-TET4-MEMBRANE-001\traction_h5.model.json","424962","85730b802dc8bd1bf3a4eb8eb245616aaf82c1b2843379fbdbf1f2329255d204"
"pre-run-snapshot\docs-generated\benchmarks\BM-SOL-TET4-MEMBRANE-001\traction_h5.setup.json","1464","fab56b8adb4b37dbe4f0a1b405b64841a757f29c65c9fcbd16e853c75feb2995"
"pre-run-snapshot\docs-generated\benchmarks\BM-SOL-TET4-MEMBRANE-001\traction_h5.vtu","530744","2d535a3c322a986d66290c3a8aa3070741d58e83b925c17ea747b36e3bb53885"
"pre-run-snapshot\docs-generated\benchmarks\BM-SOL-TET4-PATCH-001\benchmark_manifest.json","2678","a4f6ff3a05e6ba2c8f05bf0c815f5b77b3355ff3d76841dc49f25325e0fc4940"
"pre-run-snapshot\docs-generated\benchmarks\BM-SOL-TET4-PATCH-001\benchmark_summary.json","1861","e3cf793b465eccdda9ac85f38e6b0cbcdc781cb96ddc21b0f4e899785acd5063"
"pre-run-snapshot\docs-generated\benchmarks\BM-SOL-TET4-PATCH-001\patch_tet4.msh","10192","adf262fc724cc16ace6dfe2907b1112ca3e0781e914141e2859f6e575fd64b2e"
"pre-run-snapshot\docs-generated\benchmarks\BM-SOL-TET4-PATCH-001\result.import_report.json","1862","6d8d79d21c36b049336e51cc66b19bf1e1ad786849b3b432d907f48aadb809f6"
"pre-run-snapshot\docs-generated\benchmarks\BM-SOL-TET4-PATCH-001\result.model.json","45133","3c051aec138628b62c52fd21995b9380fc4b9d53d0140c6b22d28d97ed5e0f3e"
"pre-run-snapshot\docs-generated\benchmarks\BM-SOL-TET4-PATCH-001\result.setup.json","1754","dc9550c48fde5ac9f92ba0a1453619650ea9e72032b48ac6a3fd96046f9228ca"
"pre-run-snapshot\docs-generated\benchmarks\BM-SOL-TET4-PATCH-001\result.vtu","45425","0ed8aaf885f10fcd35e7cc805b3f113c85ddffec94691ccd81232cb2aaff36b1"
"pre-run-snapshot\docs-generated\benchmarks\BM-SOL-TET4-TORSION-001\benchmark_manifest.json","10809","9cc1557729a22d0096cd57df6207d018903e7cbbde5b2ad0e44bc063f722601f"
"pre-run-snapshot\docs-generated\benchmarks\BM-SOL-TET4-TORSION-001\benchmark_summary.json","8128","9b036e7f87b1d0fe5e12f759f03a4a3733a3b978c403e3d78eefe2cc62cb26ae"
"pre-run-snapshot\docs-generated\benchmarks\BM-SOL-TET4-TORSION-001\h1.import_report.json","1112","0fcf2efc98700c21c645f5c66c54965b728b0028d90fab27f9dc26af527b94d5"
"pre-run-snapshot\docs-generated\benchmarks\BM-SOL-TET4-TORSION-001\h1.json","5014189","e9bd3102dae00e5430128b59c833d8969bc914d82d38c3c808fd7dad2a3d490f"
"pre-run-snapshot\docs-generated\benchmarks\BM-SOL-TET4-TORSION-001\h1.model.json","32119","4ae44dc13a544c7700959ab080c70804eb8e88fd9f138057cff32724a692a6b8"
"pre-run-snapshot\docs-generated\benchmarks\BM-SOL-TET4-TORSION-001\h1.msh","8239","6620d8352e09d48c8da78c17d1ef4d75fd67315a7d8a40c5d4a249960463f409"
"pre-run-snapshot\docs-generated\benchmarks\BM-SOL-TET4-TORSION-001\h1.setup.json","828","df718595bf34a25452c0dc614546d3a1fc0a4262d69d26150888c523a3465881"
"pre-run-snapshot\docs-generated\benchmarks\BM-SOL-TET4-TORSION-001\h1.vtu","41944","3f948be64211be2d10c06553fb7f337e94949db038eb29fd618514ffc8220509"
"pre-run-snapshot\docs-generated\benchmarks\BM-SOL-TET4-TORSION-001\h2.import_report.json","1119","df4a3233c2eb784735a3424d785864670ae7075ed965e4b1d3e7cc59122bf7f1"
"pre-run-snapshot\docs-generated\benchmarks\BM-SOL-TET4-TORSION-001\h2.model.json","50781","dbdc7ea00177d4d01c05469f89d8eaed805549e08bfe9fa6f5971dfd073dfdcf"
"pre-run-snapshot\docs-generated\benchmarks\BM-SOL-TET4-TORSION-001\h2.msh","12220","b34c28aa831239c3eaeb8e0971311ebc4871ab701d2b9452a743de40f206585f"
"pre-run-snapshot\docs-generated\benchmarks\BM-SOL-TET4-TORSION-001\h2.setup.json","828","df718595bf34a25452c0dc614546d3a1fc0a4262d69d26150888c523a3465881"
"pre-run-snapshot\docs-generated\benchmarks\BM-SOL-TET4-TORSION-001\h2.vtu","65108","e1221eff67577be3f07abba69115b829ffe8102d7d93f1dfc13cd5bd48955e76"
"pre-run-snapshot\docs-generated\benchmarks\BM-SOL-TET4-TORSION-001\h3.import_report.json","1119","b3d4baf720745d8e5960a993a8ea43bab928fd0b929fc646abac64659c22eb2c"
"pre-run-snapshot\docs-generated\benchmarks\BM-SOL-TET4-TORSION-001\h3.model.json","66430","82377b314e9802f711c1b2513dd126feb3061e37c553cf8f736fefe3a4b4ca54"
"pre-run-snapshot\docs-generated\benchmarks\BM-SOL-TET4-TORSION-001\h3.msh","16431","31a19bfa292b18bbd022397d11beabe873f4910dc358abda61e877519bedb0d2"
"pre-run-snapshot\docs-generated\benchmarks\BM-SOL-TET4-TORSION-001\h3.setup.json","828","df718595bf34a25452c0dc614546d3a1fc0a4262d69d26150888c523a3465881"
"pre-run-snapshot\docs-generated\benchmarks\BM-SOL-TET4-TORSION-001\h3.vtu","84975","65c8cb21c239d7ee6038b5ed1cb16c7ca60f300e4d39c9c93d83c7f1ede8c82c"
"pre-run-snapshot\docs-generated\benchmarks\BM-SOL-TET4-TORSION-001\h4.import_report.json","1119","0aafbbb5784d1bf09ac268fa23d2e5d1f203c057fbf402d8854ddf59ad00942b"
"pre-run-snapshot\docs-generated\benchmarks\BM-SOL-TET4-TORSION-001\h4.model.json","110111","3e7102544b36ea2c84f21f27bd74086a7b139da1bedbc62285513289dcb0d961"
"pre-run-snapshot\docs-generated\benchmarks\BM-SOL-TET4-TORSION-001\h4.msh","25794","9156c6280b7f72d66fc611c3dcf3af9b14bac3cc7076ad64936a2ecb310de655"
"pre-run-snapshot\docs-generated\benchmarks\BM-SOL-TET4-TORSION-001\h4.setup.json","828","df718595bf34a25452c0dc614546d3a1fc0a4262d69d26150888c523a3465881"
"pre-run-snapshot\docs-generated\benchmarks\BM-SOL-TET4-TORSION-001\h4.vtu","139964","812dfc1c83c3fa53d94351db581c06035b1b7dba745a09d32a8853e08300b094"
"pre-run-snapshot\docs-generated\benchmarks\BM-SOL-TET4-TORSION-001\h5.import_report.json","1119","6468194d545d0f0c09c8b3161a2239ed4114e7376c9c91e1d675469f5ae0aab4"
"pre-run-snapshot\docs-generated\benchmarks\BM-SOL-TET4-TORSION-001\h5.model.json","166520","7fcd41cf0d1765220634d4f07535b9a49f161d45dd75b28b291379b9e07fe5ab"
"pre-run-snapshot\docs-generated\benchmarks\BM-SOL-TET4-TORSION-001\h5.msh","38084","6020d4af70093b0927a7be0ffcdfbc294b40398093ea80059f8552f643b2a039"
"pre-run-snapshot\docs-generated\benchmarks\BM-SOL-TET4-TORSION-001\h5.setup.json","828","df718595bf34a25452c0dc614546d3a1fc0a4262d69d26150888c523a3465881"
"pre-run-snapshot\docs-generated\benchmarks\BM-SOL-TET4-TORSION-001\h5.vtu","210089","9a3343cd59ad9d450444be3e1f5cc322874e201e650bd235530ce183f295421a"
"pre-run-snapshot\docs-generated\benchmarks\BM-SOL-TET4-TORSION-001\h6.import_report.json","1122","86d18590fc596e07b4ba9e0c95b86fe748e2c8ac602bbd6a72b886030076415e"
"pre-run-snapshot\docs-generated\benchmarks\BM-SOL-TET4-TORSION-001\h6.model.json","265991","14140866711d49178826c05bd392b837ad34e54faccc36f6e488f83b5a35d790"
"pre-run-snapshot\docs-generated\benchmarks\BM-SOL-TET4-TORSION-001\h6.msh","60463","6fdf86d6cc493b3fcf38ce95df06fc5799646c586230eb5b081dd648530164e7"
"pre-run-snapshot\docs-generated\benchmarks\BM-SOL-TET4-TORSION-001\h6.setup.json","828","df718595bf34a25452c0dc614546d3a1fc0a4262d69d26150888c523a3465881"
"pre-run-snapshot\docs-generated\benchmarks\BM-SOL-TET4-TORSION-001\h6.vtu","335018","792861273abfce7a11389ae46cf3367dd7fcd41a1ca351597c286775cbeb4af9"
"pre-run-snapshot\docs-generated\benchmarks\BM-SOL-TET4-TORSION-001\h7.import_report.json","1122","b5258cf1d6aa6a8081d801bb9ef41670c9f23826cae8d1ac1334533e71decabf"
"pre-run-snapshot\docs-generated\benchmarks\BM-SOL-TET4-TORSION-001\h7.model.json","403383","f3ba11eda27b2f666a3e43905aeedfb0ce97ab105946f711914bd49e6abf02f9"
"pre-run-snapshot\docs-generated\benchmarks\BM-SOL-TET4-TORSION-001\h7.msh","90623","890e39e729c2ab23119551567192b716b310b5e5c5848e6758f92f484f43a2f7"
"pre-run-snapshot\docs-generated\benchmarks\BM-SOL-TET4-TORSION-001\h7.setup.json","828","df718595bf34a25452c0dc614546d3a1fc0a4262d69d26150888c523a3465881"
"pre-run-snapshot\docs-generated\benchmarks\BM-SOL-TET4-TORSION-001\h7.vtu","509970","0038e0e0aaff7f80d10a83cb26bc6e37a29e020aa8f1f92a3cc8c07e8565c0cf"
"pre-run-snapshot\docs-generated\benchmarks\BM-SOL-TET4-TORSION-001\h8.import_report.json","1122","f9674a6a4e8f9cf48a1c207105dd6a2651560d063a81601d9b1170d3c544e91f"
"pre-run-snapshot\docs-generated\benchmarks\BM-SOL-TET4-TORSION-001\h8.model.json","618750","2e73c903bd40c72f2ab771451aa5c9d4d254ad91bf27d5630821d8d5087e1806"
"pre-run-snapshot\docs-generated\benchmarks\BM-SOL-TET4-TORSION-001\h8.msh","137415","d2f885ce72dd368aeb62ab7458e21bfb77bdf999c101f7078007493e232295e2"
"pre-run-snapshot\docs-generated\benchmarks\BM-SOL-TET4-TORSION-001\h8.setup.json","828","df718595bf34a25452c0dc614546d3a1fc0a4262d69d26150888c523a3465881"
"pre-run-snapshot\docs-generated\benchmarks\BM-SOL-TET4-TORSION-001\h8.vtu","784035","8752a0302b3b377ae4cc2926345edd435690b18659ad7f6213c206e1fb97d32a"
"pre-run-snapshot\docs-generated\contact_friction\friction_block_comparison.png","79007","7a8a76294b3982af2fb52e098d0fde6bbb835237d3c71c481d1f5dc1e0a045ba"
"pre-run-snapshot\docs-generated\contact_friction\report.md","1269","0581337ba94cd2bf2afc3006e52b93a7fd19da82b17a55f313d029a0c0920a94"
"pre-run-snapshot\docs-generated\contact_friction\summary.json","8578","de13a55a56faf6cd2c99d5ecc9484539f59187ee2e88103271de9bba483e43b4"
"pre-run-snapshot\docs-generated\contact_friction\vnv_manifest.json","1829","11698d9d530990e8cf04e4ec9649b859f2c9141a472eab54c3806d73107f498e"
"pre-run-snapshot\docs-generated\contact_friction_structural\friction_structural_convergence.png","58799","d373fb33a6a86ed254151e4faebc1020668effeec502f472d3b5b2f8c573f583"
"pre-run-snapshot\docs-generated\contact_friction_structural\report.md","1012","c1f352be676897a635e54ebc52143212da3a4942ed972373a15cfb771ef301c4"
"pre-run-snapshot\docs-generated\contact_friction_structural\summary.json","3622","5765bf26dbcb2f17a554b245d530db8ff31d2d180129948ed780761c32f49b94"
"pre-run-snapshot\docs-generated\contact_friction_structural\vnv_manifest.json","1845","38fbd3ab54d63d2ec21ebf038c1d32356a164e0831c1648e9f41f38c5caa0733"
"pre-run-snapshot\docs-generated\contact_structural\contact_structural_convergence.png","55343","733fd4c03646162290280459b8fc3b4b2f55f01522b4d12394f0f6410c8ad669"
"pre-run-snapshot\docs-generated\contact_structural\contact_structural_deformation.png","348039","6bd71c7b9c7d68cd1d6120749cc6e309b6aa5c3ec626978919458052143f2434"
"pre-run-snapshot\docs-generated\contact_structural\report.md","1118","35d428678635135a965f4804b2dd1e82a2c515e42ca5c50b9adb66551ef7043b"
"pre-run-snapshot\docs-generated\contact_structural\summary.json","3387","bdf312add6bdeee4d92ed7a3cd26d12cc8888d70dc2144dd445bc2148f30615d"
"pre-run-snapshot\docs-generated\contact_structural\vnv_manifest.json","2041","494fe8b14892d00f736e63da38aba673a0157756611f4f2dc6ee676f487e8ee7"
"pre-run-snapshot\docs-generated\large_run\audit_large.json","4601","8e0731308d5043fca6de1f846a3f044909c3a1fb82cb7c185d7d8fb4f1cc0a69"
"pre-run-snapshot\docs-generated\large_run\displacements.h5","12208","2037fb59703f573d62201123c6f13872210104806932db26946e0c7b639d78a1"
"pre-run-snapshot\docs-generated\large_run\summary.json","560","23601bb8c01b5d80cb885b351e214cb8533310c0daa847e59c8675ab2e1a7fd7"
"pre-run-snapshot\docs-generated\mitc3_dynamic_extended\report.md","1763","6b7be068f7df5c9fae59efa2753f19833dc07b33c06f1ae8bac273f2b4721bd6"
"pre-run-snapshot\docs-generated\mitc3_dynamic_extended\summary.json","43990","98bb49d9a7719262cf50b277fb357ef3e705be1c4cdddeab3a8edc463cd9eca4"
"pre-run-snapshot\docs-generated\mitc3_dynamic_extended\vnv_manifest.json","1269","a3eba6c634314b8ffd3c11a0ddcd8c6eb0f8acbf588cfa8b0140d37d266e5109"
"pre-run-snapshot\docs-generated\mitc3_dynamic_extended\VNV-MITC3-MODAL-CURVED-014.png","83710","0ec2be22c9e04b2227ae4644f39e5357b24f56d03ef9c4ade852807c3bef59bd"
"pre-run-snapshot\docs-generated\mitc3_dynamic_extended\VNV-MITC3-MODAL-FREEFREE-013.png","63749","2fb9580e16f361e70fd3801979878daccf44584831c1cd9d75944440823bfce4"
"pre-run-snapshot\docs-generated\mitc3_dynamic_extended\VNV-MITC3-NEWMARK-HARMONIC-CURVED-016.png","89309","04bc8cd13d49b0fe870a32cdb62bfad0b8673d0191bcb77872e72076b957f67b"
"pre-run-snapshot\docs-generated\mitc3_laminate_dynamic\summary.json","35477","a3d98793474e97564b6ea2ebc0a15f9ac0e28ccff5d34494324dba5f6403f749"
"pre-run-snapshot\docs-generated\mitc3_laminate_dynamic\vnv_manifest.json","1085","9f0f25e4c69a1ba3e9d70c697cf2e418a1d0810fd5757f96ccbb692a5c0ae2a5"
"pre-run-snapshot\docs-generated\mitc3_laminate_dynamic\VNV-MITC3-LAMINATE-DYNAMIC-001-harmonic.png","68710","17ca4f048eebb5d43c6ace433daa13987a941c9370c63f77af2eea3cc33e5f91"
"pre-run-snapshot\docs-generated\mitc3_laminate_dynamic\VNV-MITC3-LAMINATE-DYNAMIC-001-newmark.png","105843","1bc4e6500119fda4daa271fc0ceb9a64e8d036da41a109f6ebda97a9a7d1e009"
"pre-run-snapshot\docs-generated\mitc3_laminate_dynamic\VNV-MITC3-LAMINATE-DYNAMIC-001.md","1813","a48f07a2fe2e6826c1d04b6d26ef8e64995c88cb1edb2bf90b11e919f223073c"
"pre-run-snapshot\docs-generated\mitc4_harmonic_broadband_vnv\summary.json","196235","3a4ca8d95b9841ac2adf1d6547340722f1ab0af5837d8196d483b39a478ebff0"
"pre-run-snapshot\docs-generated\mitc4_harmonic_broadband_vnv\vnv_manifest.json","1373","a7a883de4cfbc43217e0522c541e6bc665d53675b6974ef283395fd99cc6b97d"
"pre-run-snapshot\docs-generated\mitc4_harmonic_broadband_vnv\VNV-MITC4-HARMONIC-BROADBAND-003-agreement.png","53665","4de907e61880af6535066b26a822877fc318cfb75c00c0b0f3d2800961025208"
"pre-run-snapshot\docs-generated\mitc4_harmonic_broadband_vnv\VNV-MITC4-HARMONIC-BROADBAND-003-peak-shapes.png","535792","69b5bd649002df0ee53a4dd73021cfe091ef15f9f32aab025a8953235a620753"
"pre-run-snapshot\docs-generated\mitc4_harmonic_broadband_vnv\VNV-MITC4-HARMONIC-BROADBAND-003-response.png","96028","211d2123faa7e6d2829070461d01a44c767a0ba5dee595b10534eb64c2495491"
"pre-run-snapshot\docs-generated\mitc4_harmonic_broadband_vnv\VNV-MITC4-HARMONIC-BROADBAND-003.md","961","0dce3028cd95ee88a18df07b53933ca530b8c27636be72153f52315cd139c480"
"pre-run-snapshot\docs-generated\mitc4_harmonic_condensation_vnv\summary.json","9437","5ba4ac897e9154a772809a76019163a19100e0d50c9b01eb1322be9337459dc5"
"pre-run-snapshot\docs-generated\mitc4_harmonic_condensation_vnv\vnv_manifest.json","906","283172473fa73f1ff7c896153ddd6c8c2c722ad4223ff0d624751f5c387b3854"
"pre-run-snapshot\docs-generated\mitc4_harmonic_condensation_vnv\VNV-MITC4-HARMONIC-CONDENSATION-002-errors.png","90516","a2f2bc447903128435e5c4dc1f424c8c794f11316c468cbd6023f23e483d9046"
"pre-run-snapshot\docs-generated\mitc4_harmonic_condensation_vnv\VNV-MITC4-HARMONIC-CONDENSATION-002.md","855","42567b56122748625350d6fa258034ea55d1004809a890b8f95f0e9494e32ff5"
"pre-run-snapshot\docs-generated\mitc4_harmonic_vnv\summary.json","22060","003f7ce4bcee9a2fc5f3589de1ddf92f4c95d9c75ade99508da9e5beecabcdc6"
"pre-run-snapshot\docs-generated\mitc4_harmonic_vnv\vnv_manifest.json","1072","b3ac562276bcdaecc6b7bdca44261545bebc4f200428b2755493a2d22aaecae1"
"pre-run-snapshot\docs-generated\mitc4_harmonic_vnv\VNV-MITC4-HARMONIC-MODAL-001-damping.png","49005","63ab11a5388e5c5f57d8ec7e328a622e70465d1d42c1ddf2d202306ef1c84537"
"pre-run-snapshot\docs-generated\mitc4_harmonic_vnv\VNV-MITC4-HARMONIC-MODAL-001-response.png","62609","0ea3e7bdeb4db446f89dcbbf103bb6868ee465ffbff2a18e1414529b86f3dd16"
"pre-run-snapshot\docs-generated\mitc4_harmonic_vnv\VNV-MITC4-HARMONIC-MODAL-001.md","672","a07602b5e51b2ef1e8b81df51ab972732ebce25d116cbbde132bca241138a007"
"pre-run-snapshot\docs-generated\mitc4_laminate_dynamic\summary.json","33564","7a754ef0a3154795ec5f40a982ea6baa98434ecc44dbf58315605106d3696474"
"pre-run-snapshot\docs-generated\mitc4_laminate_dynamic\vnv_manifest.json","1085","0d34b831f503c6989ab6e329c50d8cd02c387e412fb9181c0962aebdece13a75"
"pre-run-snapshot\docs-generated\mitc4_laminate_dynamic\VNV-MITC4-LAMINATE-DYNAMIC-001-harmonic.png","68725","03f72f4b9da0330832189bf046a3d3385aa4700c32b8af60365b8913c72b4248"
"pre-run-snapshot\docs-generated\mitc4_laminate_dynamic\VNV-MITC4-LAMINATE-DYNAMIC-001-newmark.png","105988","b5718595e2ee2543367ee64f07006671a69cadfe0b4773118883961f430c1a1b"
"pre-run-snapshot\docs-generated\mitc4_laminate_dynamic\VNV-MITC4-LAMINATE-DYNAMIC-001.md","1499","908d689b9873649c352c0249222c3a57962d83dc1bf162e6ec8fb9d706d20d2e"
"pre-run-snapshot\docs-generated\mitc4_modal_plate_vnv\summary.json","4712","cc806f352a90efee664e0c4f192e1cf9ea2b56148a62091d38e101b586838dd9"
"pre-run-snapshot\docs-generated\mitc4_modal_plate_vnv\vnv_manifest.json","1076","ac200b0f69aa2306fe72ebffd2deab97f6ecca65962c892520d38a5c601ac363"
"pre-run-snapshot\docs-generated\mitc4_modal_plate_vnv\VNV-MITC4-MODAL-PLATE-003-convergence.png","50162","7a6dc31dd590f95d93d768688c2912083433b3739b9c86fb7591cbe762b8185a"
"pre-run-snapshot\docs-generated\mitc4_modal_plate_vnv\VNV-MITC4-MODAL-PLATE-003-mode-11.png","307311","e274154a38cdfbcd041f90219e6a248436d305350cc80597031706312cb6a6ef"
"pre-run-snapshot\docs-generated\mitc4_modal_plate_vnv\VNV-MITC4-MODAL-PLATE-003.md","1425","0e5142c6b2d5d57db1aa14f7d988e765075fed9139d17330433c4a445d6b7030"
"pre-run-snapshot\docs-generated\mitc4_nafems13h_vnv\summary.json","127966","1bc649cb132ba30cf9d3b791d601b4ee1ee769996c25b2c87ccdef019b074f31"
"pre-run-snapshot\docs-generated\mitc4_nafems13h_vnv\vnv_manifest.json","2275","712636adbac0af1a662f9224c022ccf16fc464f2721dc1ffa0383e0aedd15ad1"
"pre-run-snapshot\docs-generated\mitc4_nafems13h_vnv\VNV-MITC4-HARMONIC-NAFEMS13H-004-deformed.png","250911","ffa251165febf63b4ed222d4b5829d60fad1a047ef891eb789be333b07bf2dd3"
"pre-run-snapshot\docs-generated\mitc4_nafems13h_vnv\VNV-MITC4-HARMONIC-NAFEMS13H-004-model-setup.png","46833","f7bc02b2ca368e734942d3f924425e92633f4d4808174adb25a1ae222cf53f2e"
"pre-run-snapshot\docs-generated\mitc4_nafems13h_vnv\VNV-MITC4-HARMONIC-NAFEMS13H-004-response.png","48219","75caea1ef23cd5119d799b8b9c6545389915085d378d33a2b746e14b5c2994cc"
"pre-run-snapshot\docs-generated\mitc4_nafems13h_vnv\VNV-MITC4-HARMONIC-NAFEMS13H-004-stress-response.png","82289","60bf87ed0147fe5704bf1f066fc8181af29f41c4050ae5efa0c699aa7a89c904"
"pre-run-snapshot\docs-generated\mitc4_nafems13h_vnv\VNV-MITC4-HARMONIC-NAFEMS13H-004.md","1608","6811fbb70d2572ab673609c8d5c91a0acaf4ce9f2718e9771632966ae001aa53"
"pre-run-snapshot\docs-generated\mitc4_newmark_broadband_vnv\summary.json","780965","6108ea44544dfe2e35cb3eff5d475d8659b312d106da51f5df2770e2aab6e927"
"pre-run-snapshot\docs-generated\mitc4_newmark_broadband_vnv\vnv_manifest.json","1607","040a86ee5ccd99298816e6c31b099d22f6717f5a75a757be4547118abfeb9eda"
"pre-run-snapshot\docs-generated\mitc4_newmark_broadband_vnv\VNV-MITC4-NEWMARK-BROADBAND-004-convergence.png","120492","cd631d8b66e19b844ba9e8d2bf0ec58e24dfdc2db4ec2780a0927b7cafc0dba2"
"pre-run-snapshot\docs-generated\mitc4_newmark_broadband_vnv\VNV-MITC4-NEWMARK-BROADBAND-004-displacement.png","190681","cec06bf5e859f868285b3263ebc17fed9234b22bfb773acd48cf5475256810dc"
"pre-run-snapshot\docs-generated\mitc4_newmark_broadband_vnv\VNV-MITC4-NEWMARK-BROADBAND-004-excitations.png","146415","2b0fde304a03e77fa81e485d4486973e90a5bff68dc1a8c08d570477b1e52231"
"pre-run-snapshot\docs-generated\mitc4_newmark_broadband_vnv\VNV-MITC4-NEWMARK-BROADBAND-004-stress.png","191631","e9933c176dadfdef99416ff64a47d8d246e317d2111296975cb7663d3520985c"
"pre-run-snapshot\docs-generated\mitc4_newmark_broadband_vnv\VNV-MITC4-NEWMARK-BROADBAND-004.md","1390","8fb191e2d4dd6d351b1148f32a9365248c8fb3c58170e2232952da60c633ea64"
"pre-run-snapshot\docs-generated\mitc4_newmark_extended_vnv\summary.json","212699","2a42243b018557b4bc43c32f3c9babe91397497ce41079b8af3096c5376918c1"
"pre-run-snapshot\docs-generated\mitc4_newmark_extended_vnv\vnv_manifest.json","1139","88e84d4cad5ef619bfb2b4b4357ab67a9c2a147bf0086c2767849c31f1edb714"
"pre-run-snapshot\docs-generated\mitc4_newmark_extended_vnv\VNV-MITC4-NEWMARK-DAMPED-FORCED-003-convergence.png","62509","4deedf3a7d5596e0c8435e00c5663e74e351f37fe8ada33c90eceb523d88939e"
"pre-run-snapshot\docs-generated\mitc4_newmark_extended_vnv\VNV-MITC4-NEWMARK-DAMPED-FORCED-003-histories.png","118385","cfba7289df79a3ab0977f15473cb015ee552b7b73f9eef0b4336a0c8dfdb33e8"
"pre-run-snapshot\docs-generated\mitc4_newmark_extended_vnv\VNV-MITC4-NEWMARK-DAMPED-FORCED-003.md","875","80ff70631d7348108d96fbfaaf8fdd269d0fd514017813fc6dd779e7a069a1ae"
"pre-run-snapshot\docs-generated\mitc4_newmark_vnv\summary.json","88234","2aa386008a5f756c4282c676c90e2153d69a5db2763351deb2e214c860db9807"
"pre-run-snapshot\docs-generated\mitc4_newmark_vnv\vnv_manifest.json","1063","edbc331ebb5d4c0a6c778aea90fa61c84440fb59181d8eb924635de27760017e"
"pre-run-snapshot\docs-generated\mitc4_newmark_vnv\VNV-MITC4-NEWMARK-FREE-002-convergence.png","44616","b8f9d7a80a890255b87c25fb6654ff260b1bea56eed884322107ac89063ad922"
"pre-run-snapshot\docs-generated\mitc4_newmark_vnv\VNV-MITC4-NEWMARK-FREE-002-history.png","89557","84d6f213b3d6ddb3d4bccca7b5cccabafd4c65f51c61083ab0c5afd71fd0c96d"
"pre-run-snapshot\docs-generated\mitc4_newmark_vnv\VNV-MITC4-NEWMARK-FREE-002.md","806","3331ddb159cb0c4740519a4f3f0478962c1c29eab0af95a8fd6da8dd1c563115"
"pre-run-snapshot\docs-generated\models\large_block_documentation.npz","3361","a4ef61bc92affaee02cee1470c44dd06a1a514aeaec6b10458ef4aa29a645e63"
"pre-run-snapshot\docs-generated\models\mitc4_plate_bending.json","4786","22c9ab7e7c91b5fdc4e14ce6cb4bad5dedb50371a9b767f3af69ab94ae5b1db5"
"pre-run-snapshot\docs-generated\models\tet10_cantilever.json","11614","d546121b8a0779f6c1ea9fae5cb13d892750fe48efe108f0f21afd92c8e7981a"
"pre-run-snapshot\docs-generated\models\tet4_cantilever_r1.json","5646","0948e15b1dd42a9f512b0e4b221983fcc964a891a5d6a98aa6ba755eef68493d"
"pre-run-snapshot\docs-generated\models\tet4_cantilever_r1.npz","2440","181add23faea8ec0a170418e92d026dc74a5fe40e3b0d85c1c78c67c5ca18a5f"
"pre-run-snapshot\docs-generated\models\tet4_cantilever_r2.json","34560","0b41cc0d8727e536a4283a942441fdc91b4aea53b65801dcc6906255c055c0d5"
"pre-run-snapshot\docs-generated\models\tet4_cantilever_r2.npz","3238","2d06deb33ac651f02efd0ab59258911df56554d4b9e23912244323262e83902c"
"pre-run-snapshot\docs-generated\models\tet4_cantilever_r3.json","115908","375024938625711ba704485d78d0b80ceacb693530faa9af343afd972b87704d"
"pre-run-snapshot\docs-generated\models\tet4_cantilever_r3.npz","5225","e8d243f2148bb6f237ae76da54d8e7605ff25eabd411254bbcb431e137634a1f"
"pre-run-snapshot\docs-generated\results\large_block_documentation.json","5802","cb051b9321f6084c2e3828fcc5d26dbf32f05cf46f35fb4a98734bf16a5b4a2b"
"pre-run-snapshot\docs-generated\results\mitc4_plate_bending.json","559497","e77e5977e4d1745ed44def9aa91cc9d581ab5ae3b025f970ff7abb4749590faf"
"pre-run-snapshot\docs-generated\results\mitc4_shell_static.json","62545","590bba33f039824dd06b7b96233cb6d2f82d6f488203f37a18cd14f182ae4214"
"pre-run-snapshot\docs-generated\results\tet10_cantilever.json","2046218","217a7bb7a78fa09d01584a5ad91c80962a06ab2396737584b0cc0c9318da8280"
"pre-run-snapshot\docs-generated\results\tet10_static.json","126777","b78a2e65866819b7f15579cdd51cfdf47aebc7ad203f27ee400a571d425b95cf"
"pre-run-snapshot\docs-generated\results\tet4_body_force.json","58089","2606669d0cedcfc2029dc23fd8c3903d49a8828c9b6759b90d93445e354a6602"
"pre-run-snapshot\docs-generated\results\tet4_cantilever_r1.json","784419","0286309f5e1a1dfdc674d5f6637c843b79ec10619d6e66f737bf3ae9dabce90b"
"pre-run-snapshot\docs-generated\results\tet4_compression.json","57471","22148146010920b6d583e71c73fcabdc6009802bbfd1dd8e49948e6fda49a62f"
"pre-run-snapshot\docs-generated\results\tet4_dynamic_sdof_free_vibration.json","81593","826252711c11a32f64fa6d0ff71ebd63ddc9f6dc96eb6994ad77f5ac82995b74"
"pre-run-snapshot\docs-generated\results\tet4_elastoplastic_static.json","77415","3b8bab7380fea05b41b6611dd1b8b53f9d2f9b61e92bbbb8e6af60c75408304d"
"pre-run-snapshot\docs-generated\results\tet4_harmonic_sweep.json","389726","41f356d596abcd937c7848ab25c14354a6ff0bd1f1a22c47ae31a46cda7ac9e8"
"pre-run-snapshot\docs-generated\results\tet4_modal_unit.json","28183","fd761436bc61c0eee8260fa757203993f0f3f7512693287a3006d8265bcc505f"
"pre-run-snapshot\docs-generated\results\tet4_pressure.json","62742","870b5a00a235c12b6d77cedaac450850a0bb9b47e898aaf2aa7d7112515763eb"
"pre-run-snapshot\docs-generated\results\tet4_static.json","57251","10b1d8247f05b27d4b0c376c3f484417e49fa7d3deb585a68aa4fe09d59fe8c1"
"pre-run-snapshot\docs-generated\tet10_nonlinear_j2\cyclic_response.png","110235","46da8051ace138706af9aa8753a990ed54c14fd7d0e5f8010a6e5a64d48ab3e1"
"pre-run-snapshot\docs-generated\tet10_nonlinear_j2\deformation.vtu","87418","b671a6276d4b02cd92276bc02406dc4234c05a77090622b491afe43c098436e8"
"pre-run-snapshot\docs-generated\tet10_nonlinear_j2\import_report.json","1933","0962ae592892d61ddb3e5e1691cf5f77791752e1f181543d10debafcda52881d"
"pre-run-snapshot\docs-generated\tet10_nonlinear_j2\j2_cyclic_bar_tet10.msh","23293","a2cae9586bd4607a0d62e045ad352bae5ddafea23b7ffb6d4915ec54f2c8143e"
"pre-run-snapshot\docs-generated\tet10_nonlinear_j2\model.json","63089","2b851d10b77cce48d9c4addb8ae5a04d3adc6c26a8a4b3e6c86128d7b360170d"
"pre-run-snapshot\docs-generated\tet10_nonlinear_j2\model.setup.json","1948","1c3a334d5b78c70eec19ce1590d182323708cad8ee834a68fc544bc62709bd02"
"pre-run-snapshot\docs-generated\tet10_nonlinear_j2\report.md","759","585aecaa51efc25c1ad2982e1e3204f4cbe833019022f010df36f9f583801f94"
"pre-run-snapshot\docs-generated\tet10_nonlinear_j2\summary.json","3177","8ffc579a0c5c5fe47f1e8c92880d42ac8411b8f4fc1fdedd19c5461f5e8aa0cd"
